customer_id,customer_name,email,city,state,signup_date
1,Isha Rao,user1@example.com,Bhubaneswar,Odisha,2024-05-12
2,Meera Pillai,user2@example.com,Bhubaneswar,Odisha,2024-07-28
3,Vikram Nair,user3@example.com,Patna,Bihar,2024-03-15
4,Aarav Patel,user4@example.com,Lucknow,Uttar Pradesh,2023-03-18
5,Ananya Kulkarni,user5@example.com,Bengaluru,Karnataka,2023-10-07
6,Vikram Rao,user6@example.com,Patna,Bihar,2023-03-28
7,Rahul Das,user7@example.com,Delhi,Delhi,2023-06-09
8,Rohan Menon,user8@example.com,Patna,Bihar,2023-11-18
9,Meera Reddy,user9@example.com,Bhubaneswar,Odisha,2023-03-30
10,Divya Rao,user10@example.com,Pune,Maharashtra,2024-03-09
11,Arjun Chopra,user11@example.com,Mumbai,Maharashtra,2024-06-10
12,Aarav Chopra,user12@example.com,Bengaluru,Karnataka,2024-05-14
13,Priya Chopra,user13@example.com,Jaipur,Rajasthan,2023-02-01
14,Divya Das,user14@example.com,Bengaluru,Karnataka,2023-04-15
15,Manish Patel,user15@example.com,Lucknow,Uttar Pradesh,2023-04-17
16,Nikhil Joshi,user16@example.com,Pune,Maharashtra,2024-10-09
17,Vikram Chopra,user17@example.com,Bengaluru,Karnataka,2024-03-19
18,Rahul Iyer,user18@example.com,Surat,Gujarat,2023-06-28
19,Sanjay Pillai,user19@example.com,Kolkata,West Bengal,2024-04-03
20,Sneha Kulkarni,user20@example.com,Kochi,Kerala,2023-02-15
21,Rohan Nair,user21@example.com,Hyderabad,Telangana,2023-06-16
22,Diya Pillai,user22@example.com,Chennai,Tamil Nadu,2024-09-08
23,Divya Bose,user23@example.com,Chennai,Tamil Nadu,2024-01-23
24,Vikram Singh,user24@example.com,Bhubaneswar,Odisha,2024-09-28
25,Manish Rao,user25@example.com,Chandigarh,Punjab,2023-06-09
26,Nikhil Joshi,user26@example.com,Bhubaneswar,Odisha,2023-10-22
27,Nikhil Kulkarni,user27@example.com,Guwahati,Assam,2024-01-05
28,Ananya Rao,user28@example.com,Chandigarh,Punjab,2023-09-12
29,Divya Menon,user29@example.com,Ahmedabad,Gujarat,2023-08-26
30,Priya Iyer,user30@example.com,Guwahati,Assam,2023-07-25
31,Kavya Pillai,user31@example.com,Pune,Maharashtra,2023-12-07
32,Divya Joshi,user32@example.com,Mumbai,Maharashtra,2024-04-11
33,Kavya Kulkarni,user33@example.com,Delhi,Delhi,2024-01-16
34,Sanjay Das,user34@example.com,Chandigarh,Punjab,2024-09-04
35,Neha Rao,user35@example.com,Kochi,Kerala,2023-10-02
36,Diya Kulkarni,user36@example.com,Chennai,Tamil Nadu,2023-08-19
37,Sanjay Reddy,user37@example.com,Ahmedabad,Gujarat,2023-10-06
38,Aarav Kulkarni,user38@example.com,Kochi,Kerala,2023-11-04
39,Meera Iyer,user39@example.com,Jaipur,Rajasthan,2024-09-28
40,Meera Gupta,user40@example.com,Delhi,Delhi,2023-05-25
41,Manish Reddy,user41@example.com,Hyderabad,Telangana,2024-03-10
42,Manish Bose,user42@example.com,Pune,Maharashtra,2024-02-11
43,Vikram Gupta,user43@example.com,Ahmedabad,Gujarat,2024-02-22
44,Sanjay Singh,user44@example.com,Jaipur,Rajasthan,2024-06-10
45,Neha Reddy,user45@example.com,Kochi,Kerala,2024-04-23
46,Aarav Chopra,user46@example.com,Surat,Gujarat,2024-08-13
47,Diya Nair,user47@example.com,Patna,Bihar,2024-05-15
48,Nikhil Kulkarni,user48@example.com,Ahmedabad,Gujarat,2024-05-16
49,Rohan Bose,user49@example.com,Mumbai,Maharashtra,2023-08-09
50,Isha Verma,user50@example.com,Delhi,Delhi,2023-07-28
51,Pooja Menon,user51@example.com,Chennai,Tamil Nadu,2024-06-01
52,Kavya Iyer,user52@example.com,Bhubaneswar,Odisha,2023-06-13
53,Rohan Pillai,user53@example.com,Jaipur,Rajasthan,2023-02-19
54,Arjun Patel,user54@example.com,Kochi,Kerala,2024-05-13
55,Ananya Verma,user55@example.com,Surat,Gujarat,2023-02-12
56,Manish Verma,user56@example.com,Bhubaneswar,Odisha,2024-10-30
57,Pooja Bose,user57@example.com,Lucknow,Uttar Pradesh,2024-02-05
58,Ananya Joshi,user58@example.com,Hyderabad,Telangana,2023-04-05
59,Sneha Chopra,user59@example.com,Hyderabad,Telangana,2024-01-11
60,Rahul Bose,user60@example.com,Bengaluru,Karnataka,2023-11-15
61,Karthik Menon,user61@example.com,Pune,Maharashtra,2024-04-24
62,Sanjay Iyer,user62@example.com,Pune,Maharashtra,2023-09-09
63,Sneha Rao,user63@example.com,Bhubaneswar,Odisha,2024-10-09
64,Rohan Bose,user64@example.com,Bhubaneswar,Odisha,2024-02-13
65,Divya Singh,user65@example.com,Bengaluru,Karnataka,2023-08-20
66,Karthik Verma,user66@example.com,Chandigarh,Punjab,2023-03-24
67,Isha Singh,user67@example.com,Kolkata,West Bengal,2023-09-12
68,Priya Das,user68@example.com,Guwahati,Assam,2023-06-01
69,Rohan Sharma,user69@example.com,Chennai,Tamil Nadu,2024-11-28
70,Kavya Sharma,user70@example.com,Mumbai,Maharashtra,2023-11-02
71,Manish Rao,user71@example.com,Jaipur,Rajasthan,2023-05-26
72,Rohan Bose,user72@example.com,Mumbai,Maharashtra,2024-08-09
73,Pooja Bose,user73@example.com,Bhubaneswar,Odisha,2024-08-19
74,Meera Nair,user74@example.com,Bengaluru,Karnataka,2023-05-17
75,Ananya Sharma,user75@example.com,Kolkata,West Bengal,2023-10-07
76,Pooja Pillai,user76@example.com,Ahmedabad,Gujarat,2023-08-28
77,Vikram Bose,user77@example.com,Hyderabad,Telangana,2023-08-10
78,Nikhil Pillai,user78@example.com,Chennai,Tamil Nadu,2024-05-12
79,Karthik Singh,user79@example.com,Bhubaneswar,Odisha,2023-03-14
80,Karthik Singh,user80@example.com,Chennai,Tamil Nadu,2024-02-10
81,Priya Bose,user81@example.com,Hyderabad,Telangana,2024-05-26
82,Aarav Pillai,user82@example.com,Ahmedabad,Gujarat,2023-02-12
83,Divya Iyer,user83@example.com,Chennai,Tamil Nadu,2024-06-07
84,Ananya Bose,user84@example.com,Bengaluru,Karnataka,2024-07-25
85,Kavya Sharma,user85@example.com,Mumbai,Maharashtra,2024-06-20
86,Neha Nair,user86@example.com,Jaipur,Rajasthan,2024-08-26
87,Isha Singh,user87@example.com,Delhi,Delhi,2024-04-22
88,Isha Nair,user88@example.com,Bengaluru,Karnataka,2024-06-12
89,Rohan Menon,user89@example.com,Lucknow,Uttar Pradesh,2023-03-02
90,Sneha Iyer,user90@example.com,Chandigarh,Punjab,2024-10-10
91,Ananya Gupta,user91@example.com,Patna,Bihar,2023-03-30
92,Sneha Bose,user92@example.com,Chandigarh,Punjab,2024-09-08
93,Arjun Verma,user93@example.com,Ahmedabad,Gujarat,2023-04-26
94,Rohan Joshi,user94@example.com,Bengaluru,Karnataka,2024-02-24
95,Divya Kulkarni,user95@example.com,Kochi,Kerala,2024-10-05
96,Divya Chopra,user96@example.com,Kolkata,West Bengal,2023-06-04
97,Nikhil Pillai,user97@example.com,Mumbai,Maharashtra,2024-08-07
98,Diya Chopra,user98@example.com,Pune,Maharashtra,2023-11-21
99,Arjun Pillai,user99@example.com,Hyderabad,Telangana,2023-12-05
100,Rahul Rao,user100@example.com,Chennai,Tamil Nadu,2024-11-18
101,Pooja Menon,user101@example.com,Ahmedabad,Gujarat,2023-12-30
102,Sneha Verma,user102@example.com,Patna,Bihar,2024-04-28
103,Sanjay Reddy,user103@example.com,Pune,Maharashtra,2024-10-21
104,Diya Gupta,user104@example.com,Lucknow,Uttar Pradesh,2023-12-17
105,Sneha Kulkarni,user105@example.com,Patna,Bihar,2024-10-08
106,Priya Patel,user106@example.com,Mumbai,Maharashtra,2023-05-30
107,Karthik Nair,user107@example.com,Chandigarh,Punjab,2023-02-18
108,Karthik Reddy,user108@example.com,Pune,Maharashtra,2023-09-12
109,Vikram Reddy,user109@example.com,Kochi,Kerala,2023-04-10
110,Divya Verma,user110@example.com,Ahmedabad,Gujarat,2023-05-30
111,Priya Iyer,user111@example.com,Bhubaneswar,Odisha,2024-10-16
112,Vikram Nair,user112@example.com,Chandigarh,Punjab,2023-05-14
113,Arjun Pillai,user113@example.com,Mumbai,Maharashtra,2023-07-08
114,Manish Kulkarni,user114@example.com,Pune,Maharashtra,2023-04-05
115,Diya Patel,user115@example.com,Jaipur,Rajasthan,2024-01-07
116,Sanjay Bose,user116@example.com,Pune,Maharashtra,2024-05-13
117,Arjun Gupta,user117@example.com,Hyderabad,Telangana,2023-07-26
118,Karthik Chopra,user118@example.com,Mumbai,Maharashtra,2024-06-01
119,Sneha Menon,user119@example.com,Ahmedabad,Gujarat,2023-04-10
120,Sanjay Rao,user120@example.com,Chennai,Tamil Nadu,2024-05-26
121,Rohan Patel,user121@example.com,Chennai,Tamil Nadu,2024-10-17
122,Aditya Chopra,user122@example.com,Kochi,Kerala,2023-11-26
123,Aditya Iyer,user123@example.com,Chennai,Tamil Nadu,2024-06-10
124,Sneha Kulkarni,user124@example.com,Guwahati,Assam,2023-05-25
125,Sneha Chopra,user125@example.com,Patna,Bihar,2024-05-20
126,Arjun Nair,user126@example.com,Mumbai,Maharashtra,2023-12-06
127,Manish Chopra,user127@example.com,Guwahati,Assam,2024-06-18
128,Manish Das,user128@example.com,Delhi,Delhi,2023-06-19
129,Sanjay Chopra,user129@example.com,Surat,Gujarat,2023-08-23
130,Sanjay Sharma,user130@example.com,Bhubaneswar,Odisha,2023-03-05
131,Rohan Bose,user131@example.com,Bhubaneswar,Odisha,2024-01-10
132,Rahul Kulkarni,user132@example.com,Patna,Bihar,2023-02-18
133,Neha Kulkarni,user133@example.com,Bhubaneswar,Odisha,2024-06-29
134,Nikhil Singh,user134@example.com,Lucknow,Uttar Pradesh,2024-07-01
135,Isha Kulkarni,user135@example.com,Chandigarh,Punjab,2024-01-29
136,Aditya Nair,user136@example.com,Chennai,Tamil Nadu,2023-01-05
137,Diya Verma,user137@example.com,Patna,Bihar,2023-05-04
138,Nikhil Patel,user138@example.com,Pune,Maharashtra,2023-09-21
139,Karthik Menon,user139@example.com,Chennai,Tamil Nadu,2024-08-14
140,Karthik Bose,user140@example.com,Delhi,Delhi,2023-09-19
141,Diya Gupta,user141@example.com,Chennai,Tamil Nadu,2023-03-07
142,Pooja Reddy,user142@example.com,Pune,Maharashtra,2024-02-14
143,Aditya Verma,user143@example.com,Jaipur,Rajasthan,2024-10-04
144,Vikram Gupta,user144@example.com,Mumbai,Maharashtra,2023-04-25
145,Pooja Patel,user145@example.com,Chennai,Tamil Nadu,2024-01-07
146,Nikhil Pillai,user146@example.com,Delhi,Delhi,2023-08-26
147,Isha Verma,user147@example.com,Kochi,Kerala,2023-07-09
148,Vikram Pillai,user148@example.com,Pune,Maharashtra,2024-02-08
149,Sneha Das,user149@example.com,Pune,Maharashtra,2023-12-06
150,Divya Rao,user150@example.com,Patna,Bihar,2023-07-04
151,Pooja Pillai,user151@example.com,Pune,Maharashtra,2023-06-14
152,Karthik Gupta,user152@example.com,Surat,Gujarat,2024-01-09
153,Ananya Gupta,user153@example.com,Guwahati,Assam,2023-11-19
154,Divya Singh,user154@example.com,Bengaluru,Karnataka,2024-07-19
155,Sanjay Chopra,user155@example.com,Bengaluru,Karnataka,2023-10-22
156,Rahul Patel,user156@example.com,Chandigarh,Punjab,2023-07-27
157,Pooja Chopra,user157@example.com,Ahmedabad,Gujarat,2023-04-05
158,Meera Reddy,user158@example.com,Chandigarh,Punjab,2024-09-14
159,Rohan Das,user159@example.com,Chandigarh,Punjab,2024-08-07
160,Vikram Das,user160@example.com,Hyderabad,Telangana,2024-01-17
161,Pooja Verma,user161@example.com,Pune,Maharashtra,2024-01-07
162,Kavya Iyer,user162@example.com,Delhi,Delhi,2024-06-12
163,Aarav Patel,user163@example.com,Guwahati,Assam,2023-11-23
164,Vikram Bose,user164@example.com,Delhi,Delhi,2024-09-29
165,Vikram Nair,user165@example.com,Bhubaneswar,Odisha,2023-06-14
166,Aarav Reddy,user166@example.com,Hyderabad,Telangana,2023-03-27
167,Aarav Bose,user167@example.com,Guwahati,Assam,2024-01-12
168,Karthik Patel,user168@example.com,Jaipur,Rajasthan,2023-06-11
169,Sanjay Pillai,user169@example.com,Kolkata,West Bengal,2023-10-12
170,Kavya Pillai,user170@example.com,Mumbai,Maharashtra,2023-05-04
171,Neha Singh,user171@example.com,Bhubaneswar,Odisha,2024-11-27
172,Neha Pillai,user172@example.com,Ahmedabad,Gujarat,2023-06-15
173,Ananya Reddy,user173@example.com,Chennai,Tamil Nadu,2024-01-11
174,Rahul Das,user174@example.com,Delhi,Delhi,2023-06-05
175,Karthik Bose,user175@example.com,Hyderabad,Telangana,2023-07-14
176,Rohan Iyer,user176@example.com,Guwahati,Assam,2024-01-03
177,Rahul Pillai,user177@example.com,Surat,Gujarat,2023-10-11
178,Manish Das,user178@example.com,Chennai,Tamil Nadu,2023-02-07
179,Ananya Das,user179@example.com,Delhi,Delhi,2024-11-28
180,Manish Kulkarni,user180@example.com,Pune,Maharashtra,2024-04-21
181,Ananya Sharma,user181@example.com,Guwahati,Assam,2024-01-11
182,Sneha Gupta,user182@example.com,Surat,Gujarat,2024-06-23
183,Sneha Patel,user183@example.com,Kochi,Kerala,2024-06-24
184,Pooja Kulkarni,user184@example.com,Bengaluru,Karnataka,2024-11-07
185,Neha Singh,user185@example.com,Chennai,Tamil Nadu,2024-08-23
186,Aarav Sharma,user186@example.com,Delhi,Delhi,2024-03-05
187,Meera Kulkarni,user187@example.com,Lucknow,Uttar Pradesh,2023-02-22
188,Priya Menon,user188@example.com,Hyderabad,Telangana,2024-02-03
189,Aditya Singh,user189@example.com,Jaipur,Rajasthan,2023-05-26
190,Diya Bose,user190@example.com,Lucknow,Uttar Pradesh,2023-07-05
191,Sanjay Rao,user191@example.com,Chennai,Tamil Nadu,2024-02-18
192,Aditya Singh,user192@example.com,Guwahati,Assam,2023-04-29
193,Ananya Patel,user193@example.com,Bengaluru,Karnataka,2023-12-26
194,Rohan Sharma,user194@example.com,Bengaluru,Karnataka,2023-02-08
195,Isha Patel,user195@example.com,Kolkata,West Bengal,2023-12-07
196,Nikhil Kulkarni,user196@example.com,Surat,Gujarat,2023-10-12
197,Nikhil Rao,user197@example.com,Patna,Bihar,2023-01-27
198,Sanjay Kulkarni,user198@example.com,Chennai,Tamil Nadu,2024-05-26
199,Pooja Das,user199@example.com,Kochi,Kerala,2024-08-01
200,Nikhil Chopra,user200@example.com,Delhi,Delhi,2024-09-05
201,Aditya Verma,user201@example.com,Surat,Gujarat,2023-07-25
202,Meera Joshi,user202@example.com,Jaipur,Rajasthan,2024-06-28
203,Rahul Bose,user203@example.com,Kolkata,West Bengal,2023-03-01
204,Priya Sharma,user204@example.com,Mumbai,Maharashtra,2023-11-06
205,Karthik Gupta,user205@example.com,Bengaluru,Karnataka,2024-08-01
206,Ananya Bose,user206@example.com,Hyderabad,Telangana,2024-07-24
207,Vikram Sharma,user207@example.com,Chennai,Tamil Nadu,2024-09-25
208,Sanjay Pillai,user208@example.com,Kolkata,West Bengal,2024-02-21
209,Pooja Iyer,user209@example.com,Kochi,Kerala,2024-02-28
210,Karthik Menon,user210@example.com,Hyderabad,Telangana,2023-12-29
211,Aarav Menon,user211@example.com,Ahmedabad,Gujarat,2023-05-20
212,Priya Kulkarni,user212@example.com,Patna,Bihar,2024-06-14
213,Ananya Patel,user213@example.com,Chandigarh,Punjab,2024-07-24
214,Priya Chopra,user214@example.com,Bhubaneswar,Odisha,2023-03-12
215,Ananya Das,user215@example.com,Chennai,Tamil Nadu,2024-04-29
216,Aarav Patel,user216@example.com,Chennai,Tamil Nadu,2023-11-15
217,Meera Bose,user217@example.com,Lucknow,Uttar Pradesh,2024-03-25
218,Meera Singh,user218@example.com,Hyderabad,Telangana,2023-12-05
219,Rohan Joshi,user219@example.com,Chandigarh,Punjab,2024-01-12
220,Kavya Das,user220@example.com,Bengaluru,Karnataka,2023-01-04
221,Kavya Patel,user221@example.com,Kochi,Kerala,2024-10-03
222,Kavya Patel,user222@example.com,Pune,Maharashtra,2023-10-06
223,Kavya Patel,user223@example.com,Pune,Maharashtra,2023-05-16
224,Neha Joshi,user224@example.com,Guwahati,Assam,2024-10-14
225,Vikram Bose,user225@example.com,Bhubaneswar,Odisha,2024-10-21
226,Ananya Kulkarni,user226@example.com,Chennai,Tamil Nadu,2024-07-07
227,Diya Verma,user227@example.com,Delhi,Delhi,2023-11-26
228,Karthik Chopra,user228@example.com,Bhubaneswar,Odisha,2024-06-16
229,Priya Joshi,user229@example.com,Ahmedabad,Gujarat,2024-03-27
230,Rahul Chopra,user230@example.com,Kochi,Kerala,2024-03-06
231,Vikram Joshi,user231@example.com,Delhi,Delhi,2024-04-14
232,Kavya Patel,user232@example.com,Kochi,Kerala,2023-02-06
233,Pooja Verma,user233@example.com,Ahmedabad,Gujarat,2023-06-30
234,Arjun Verma,user234@example.com,Patna,Bihar,2024-03-14
235,Ananya Iyer,user235@example.com,Hyderabad,Telangana,2023-03-30
236,Diya Bose,user236@example.com,Guwahati,Assam,2024-07-05
237,Diya Bose,user237@example.com,Jaipur,Rajasthan,2024-06-18
238,Rohan Sharma,user238@example.com,Bengaluru,Karnataka,2024-07-04
239,Vikram Reddy,user239@example.com,Ahmedabad,Gujarat,2024-03-23
240,Sanjay Verma,user240@example.com,Kochi,Kerala,2024-02-09
241,Rahul Menon,user241@example.com,Patna,Bihar,2023-06-29
242,Meera Patel,user242@example.com,Bhubaneswar,Odisha,2024-03-02
243,Arjun Singh,user243@example.com,Kolkata,West Bengal,2024-08-25
244,Manish Chopra,user244@example.com,Pune,Maharashtra,2023-07-06
245,Pooja Pillai,user245@example.com,Guwahati,Assam,2024-05-15
246,Rohan Reddy,user246@example.com,Mumbai,Maharashtra,2024-03-05
247,Priya Joshi,user247@example.com,Bhubaneswar,Odisha,2023-07-13
248,Rahul Patel,user248@example.com,Guwahati,Assam,2024-04-04
249,Diya Das,user249@example.com,Hyderabad,Telangana,2023-05-30
250,Vikram Reddy,user250@example.com,Bengaluru,Karnataka,2023-01-28
251,Manish Chopra,user251@example.com,Pune,Maharashtra,2023-04-16
252,Priya Rao,user252@example.com,Patna,Bihar,2024-08-11
253,Rahul Verma,user253@example.com,Ahmedabad,Gujarat,2023-10-02
254,Nikhil Das,user254@example.com,Jaipur,Rajasthan,2023-03-30
255,Neha Nair,user255@example.com,Surat,Gujarat,2024-06-27
256,Neha Verma,user256@example.com,Kolkata,West Bengal,2024-06-04
257,Neha Menon,user257@example.com,Pune,Maharashtra,2024-09-16
258,Vikram Das,user258@example.com,Kochi,Kerala,2024-05-16
259,Vikram Verma,user259@example.com,Surat,Gujarat,2023-03-14
260,Pooja Rao,user260@example.com,Surat,Gujarat,2024-01-30
261,Meera Nair,user261@example.com,Bhubaneswar,Odisha,2023-03-28
262,Priya Gupta,user262@example.com,Bengaluru,Karnataka,2023-06-30
263,Ananya Sharma,user263@example.com,Bhubaneswar,Odisha,2023-04-20
264,Priya Sharma,user264@example.com,Delhi,Delhi,2024-09-06
265,Karthik Verma,user265@example.com,Guwahati,Assam,2023-10-06
266,Karthik Pillai,user266@example.com,Hyderabad,Telangana,2024-05-31
267,Karthik Sharma,user267@example.com,Jaipur,Rajasthan,2024-03-19
268,Manish Chopra,user268@example.com,Patna,Bihar,2023-12-26
269,Nikhil Iyer,user269@example.com,Guwahati,Assam,2023-06-13
270,Sanjay Kulkarni,user270@example.com,Bhubaneswar,Odisha,2023-06-28
271,Meera Singh,user271@example.com,Delhi,Delhi,2024-03-27
272,Ananya Das,user272@example.com,Patna,Bihar,2024-07-18
273,Rahul Nair,user273@example.com,Surat,Gujarat,2023-06-28
274,Arjun Rao,user274@example.com,Kolkata,West Bengal,2024-10-16
275,Sanjay Menon,user275@example.com,Kolkata,West Bengal,2024-08-15
276,Meera Kulkarni,user276@example.com,Kolkata,West Bengal,2024-03-01
277,Rohan Bose,user277@example.com,Kochi,Kerala,2023-04-13
278,Sneha Nair,user278@example.com,Guwahati,Assam,2024-03-25
279,Ananya Iyer,user279@example.com,Mumbai,Maharashtra,2023-07-18
280,Aarav Verma,user280@example.com,Hyderabad,Telangana,2023-04-23
281,Diya Reddy,user281@example.com,Pune,Maharashtra,2024-03-28
282,Vikram Bose,user282@example.com,Kochi,Kerala,2023-11-30
283,Diya Kulkarni,user283@example.com,Delhi,Delhi,2024-05-07
284,Sneha Verma,user284@example.com,Pune,Maharashtra,2024-07-15
285,Pooja Gupta,user285@example.com,Guwahati,Assam,2024-03-18
286,Sanjay Iyer,user286@example.com,Kochi,Kerala,2023-11-12
287,Vikram Reddy,user287@example.com,Jaipur,Rajasthan,2024-05-29
288,Priya Verma,user288@example.com,Hyderabad,Telangana,2024-10-13
289,Divya Das,user289@example.com,Surat,Gujarat,2023-09-03
290,Neha Joshi,user290@example.com,Bhubaneswar,Odisha,2024-11-15
291,Vikram Pillai,user291@example.com,Bhubaneswar,Odisha,2024-01-28
292,Meera Das,user292@example.com,Lucknow,Uttar Pradesh,2023-02-17
293,Aarav Reddy,user293@example.com,Delhi,Delhi,2024-01-14
294,Manish Joshi,user294@example.com,Surat,Gujarat,2024-01-01
295,Rohan Joshi,user295@example.com,Lucknow,Uttar Pradesh,2023-07-18
296,Diya Menon,user296@example.com,Chennai,Tamil Nadu,2024-03-15
297,Sanjay Gupta,user297@example.com,Chennai,Tamil Nadu,2024-04-05
298,Sanjay Nair,user298@example.com,Jaipur,Rajasthan,2023-12-05
299,Karthik Menon,user299@example.com,Chandigarh,Punjab,2024-09-29
300,Sneha Gupta,user300@example.com,Lucknow,Uttar Pradesh,2023-03-17
301,Karthik Bose,user301@example.com,Jaipur,Rajasthan,2024-01-22
302,Vikram Iyer,user302@example.com,Patna,Bihar,2024-04-30
303,Pooja Nair,user303@example.com,Mumbai,Maharashtra,2023-11-21
304,Meera Joshi,user304@example.com,Hyderabad,Telangana,2024-03-09
305,Isha Bose,user305@example.com,Lucknow,Uttar Pradesh,2024-07-08
306,Rohan Bose,user306@example.com,Patna,Bihar,2024-05-24
307,Neha Rao,user307@example.com,Lucknow,Uttar Pradesh,2023-06-24
308,Rohan Iyer,user308@example.com,Patna,Bihar,2023-09-23
309,Divya Patel,user309@example.com,Patna,Bihar,2023-09-17
310,Vikram Das,user310@example.com,Patna,Bihar,2024-02-18
311,Meera Pillai,user311@example.com,Kolkata,West Bengal,2024-11-29
312,Pooja Sharma,user312@example.com,Surat,Gujarat,2023-02-25
313,Manish Kulkarni,user313@example.com,Patna,Bihar,2023-10-26
314,Divya Nair,user314@example.com,Hyderabad,Telangana,2023-01-10
315,Kavya Verma,user315@example.com,Ahmedabad,Gujarat,2023-12-10
316,Sneha Pillai,user316@example.com,Jaipur,Rajasthan,2023-11-11
317,Diya Menon,user317@example.com,Bhubaneswar,Odisha,2024-05-09
318,Aditya Menon,user318@example.com,Bengaluru,Karnataka,2023-11-16
319,Nikhil Verma,user319@example.com,Surat,Gujarat,2024-01-24
320,Sanjay Rao,user320@example.com,Kolkata,West Bengal,2023-11-08
321,Pooja Verma,user321@example.com,Ahmedabad,Gujarat,2023-05-30
322,Neha Chopra,user322@example.com,Pune,Maharashtra,2023-10-05
323,Sneha Chopra,user323@example.com,Bhubaneswar,Odisha,2023-06-20
324,Arjun Singh,user324@example.com,Patna,Bihar,2024-11-17
325,Aditya Nair,user325@example.com,Ahmedabad,Gujarat,2024-02-18
326,Rohan Singh,user326@example.com,Delhi,Delhi,2024-02-06
327,Aarav Nair,user327@example.com,Hyderabad,Telangana,2024-06-24
328,Isha Patel,user328@example.com,Lucknow,Uttar Pradesh,2023-12-26
329,Kavya Nair,user329@example.com,Delhi,Delhi,2024-02-08
330,Rohan Verma,user330@example.com,Guwahati,Assam,2023-09-21
331,Ananya Gupta,user331@example.com,Chandigarh,Punjab,2024-10-06
332,Meera Singh,user332@example.com,Hyderabad,Telangana,2023-06-21
333,Sneha Pillai,user333@example.com,Guwahati,Assam,2024-01-17
334,Meera Patel,user334@example.com,Hyderabad,Telangana,2023-07-04
335,Meera Iyer,user335@example.com,Chennai,Tamil Nadu,2023-04-03
336,Sneha Gupta,user336@example.com,Bengaluru,Karnataka,2023-08-28
337,Rohan Verma,user337@example.com,Chennai,Tamil Nadu,2023-01-16
338,Meera Joshi,user338@example.com,Jaipur,Rajasthan,2024-09-19
339,Kavya Bose,user339@example.com,Kolkata,West Bengal,2024-04-23
340,Rahul Iyer,user340@example.com,Ahmedabad,Gujarat,2024-11-15
341,Diya Singh,user341@example.com,Pune,Maharashtra,2023-12-19
342,Vikram Rao,user342@example.com,Kochi,Kerala,2023-09-01
343,Aditya Singh,user343@example.com,Bengaluru,Karnataka,2024-01-08
344,Nikhil Reddy,user344@example.com,Bhubaneswar,Odisha,2024-08-25
345,Kavya Gupta,user345@example.com,Surat,Gujarat,2023-11-10
346,Priya Menon,user346@example.com,Mumbai,Maharashtra,2023-10-29
347,Divya Rao,user347@example.com,Kochi,Kerala,2024-08-26
348,Rahul Verma,user348@example.com,Patna,Bihar,2023-10-07
349,Manish Pillai,user349@example.com,Bhubaneswar,Odisha,2024-06-05
350,Aarav Chopra,user350@example.com,Pune,Maharashtra,2024-03-23
351,Aditya Rao,user351@example.com,Guwahati,Assam,2023-08-06
352,Aarav Gupta,user352@example.com,Bhubaneswar,Odisha,2024-04-09
353,Divya Joshi,user353@example.com,Jaipur,Rajasthan,2024-09-08
354,Rahul Sharma,user354@example.com,Bhubaneswar,Odisha,2023-06-07
355,Nikhil Reddy,user355@example.com,Jaipur,Rajasthan,2023-12-19
356,Vikram Gupta,user356@example.com,Surat,Gujarat,2024-10-03
357,Rahul Verma,user357@example.com,Lucknow,Uttar Pradesh,2023-07-14
358,Meera Joshi,user358@example.com,Delhi,Delhi,2023-06-08
359,Aditya Sharma,user359@example.com,Chennai,Tamil Nadu,2023-09-19
360,Diya Sharma,user360@example.com,Ahmedabad,Gujarat,2023-01-20
361,Priya Pillai,user361@example.com,Kolkata,West Bengal,2024-07-12
362,Rahul Reddy,user362@example.com,Chennai,Tamil Nadu,2024-07-23
363,Manish Das,user363@example.com,Lucknow,Uttar Pradesh,2024-08-18
364,Aarav Menon,user364@example.com,Mumbai,Maharashtra,2024-07-29
365,Aditya Singh,user365@example.com,Bhubaneswar,Odisha,2023-08-22
366,Ananya Kulkarni,user366@example.com,Ahmedabad,Gujarat,2024-05-07
367,Sneha Iyer,user367@example.com,Bhubaneswar,Odisha,2024-09-05
368,Vikram Bose,user368@example.com,Ahmedabad,Gujarat,2023-04-01
369,Vikram Chopra,user369@example.com,Ahmedabad,Gujarat,2023-12-31
370,Manish Das,user370@example.com,Pune,Maharashtra,2024-11-14
371,Arjun Menon,user371@example.com,Bengaluru,Karnataka,2023-10-23
372,Aarav Bose,user372@example.com,Bengaluru,Karnataka,2023-02-07
373,Neha Singh,user373@example.com,Hyderabad,Telangana,2024-07-27
374,Sneha Bose,user374@example.com,Jaipur,Rajasthan,2023-05-07
375,Vikram Gupta,user375@example.com,Delhi,Delhi,2023-06-17
376,Ananya Das,user376@example.com,Guwahati,Assam,2024-06-02
377,Isha Singh,user377@example.com,Mumbai,Maharashtra,2023-04-14
378,Nikhil Kulkarni,user378@example.com,Lucknow,Uttar Pradesh,2023-07-03
379,Vikram Patel,user379@example.com,Ahmedabad,Gujarat,2024-07-21
380,Ananya Verma,user380@example.com,Hyderabad,Telangana,2024-01-21
381,Isha Pillai,user381@example.com,Mumbai,Maharashtra,2023-06-03
382,Diya Menon,user382@example.com,Chandigarh,Punjab,2023-12-08
383,Ananya Das,user383@example.com,Bhubaneswar,Odisha,2024-02-29
384,Kavya Iyer,user384@example.com,Kochi,Kerala,2023-05-21
385,Nikhil Chopra,user385@example.com,Kolkata,West Bengal,2023-10-21
386,Sneha Reddy,user386@example.com,Ahmedabad,Gujarat,2023-08-05
387,Aarav Sharma,user387@example.com,Chandigarh,Punjab,2024-09-16
388,Isha Verma,user388@example.com,Ahmedabad,Gujarat,2024-05-09
389,Priya Nair,user389@example.com,Kolkata,West Bengal,2023-08-12
390,Karthik Pillai,user390@example.com,Bhubaneswar,Odisha,2024-03-30
391,Manish Sharma,user391@example.com,Chennai,Tamil Nadu,2024-11-23
392,Meera Menon,user392@example.com,Kochi,Kerala,2024-02-19
393,Karthik Kulkarni,user393@example.com,Jaipur,Rajasthan,2024-09-26
394,Karthik Iyer,user394@example.com,Kochi,Kerala,2024-07-11
395,Manish Chopra,user395@example.com,Kochi,Kerala,2023-07-05
396,Priya Das,user396@example.com,Hyderabad,Telangana,2024-06-01
397,Pooja Reddy,user397@example.com,Bhubaneswar,Odisha,2024-09-15
398,Aarav Verma,user398@example.com,Kochi,Kerala,2024-04-12
399,Divya Kulkarni,user399@example.com,Jaipur,Rajasthan,2023-01-05
400,Aditya Menon,user400@example.com,Patna,Bihar,2024-06-11
401,Divya Das,user401@example.com,Ahmedabad,Gujarat,2024-03-04
402,Diya Pillai,user402@example.com,Chandigarh,Punjab,2023-07-11
403,Nikhil Bose,user403@example.com,Guwahati,Assam,2024-02-08
404,Arjun Patel,user404@example.com,Lucknow,Uttar Pradesh,2024-09-22
405,Aarav Nair,user405@example.com,Lucknow,Uttar Pradesh,2023-07-07
406,Meera Nair,user406@example.com,Hyderabad,Telangana,2023-05-17
407,Diya Menon,user407@example.com,Mumbai,Maharashtra,2023-08-03
408,Manish Rao,user408@example.com,Guwahati,Assam,2023-01-31
409,Pooja Nair,user409@example.com,Bhubaneswar,Odisha,2023-08-30
410,Arjun Bose,user410@example.com,Pune,Maharashtra,2023-10-02
411,Diya Bose,user411@example.com,Hyderabad,Telangana,2024-03-20
412,Nikhil Reddy,user412@example.com,Bengaluru,Karnataka,2023-01-05
413,Vikram Rao,user413@example.com,Delhi,Delhi,2024-10-04
414,Neha Reddy,user414@example.com,Bhubaneswar,Odisha,2024-01-28
415,Ananya Das,user415@example.com,Surat,Gujarat,2023-03-17
416,Priya Singh,user416@example.com,Pune,Maharashtra,2024-06-09
417,Nikhil Patel,user417@example.com,Bengaluru,Karnataka,2023-10-04
418,Rohan Reddy,user418@example.com,Lucknow,Uttar Pradesh,2024-11-04
419,Isha Menon,user419@example.com,Kolkata,West Bengal,2023-11-12
420,Neha Singh,user420@example.com,Chandigarh,Punjab,2023-08-22
421,Manish Bose,user421@example.com,Chennai,Tamil Nadu,2023-01-10
422,Meera Chopra,user422@example.com,Bhubaneswar,Odisha,2023-03-04
423,Aditya Sharma,user423@example.com,Chandigarh,Punjab,2024-09-17
424,Aarav Kulkarni,user424@example.com,Patna,Bihar,2023-12-31
425,Pooja Joshi,user425@example.com,Hyderabad,Telangana,2023-10-01
426,Sneha Kulkarni,user426@example.com,Delhi,Delhi,2023-05-23
427,Ananya Verma,user427@example.com,Hyderabad,Telangana,2024-06-28
428,Aditya Bose,user428@example.com,Hyderabad,Telangana,2023-05-19
429,Meera Iyer,user429@example.com,Pune,Maharashtra,2024-11-13
430,Rohan Singh,user430@example.com,Ahmedabad,Gujarat,2023-01-24
431,Isha Das,user431@example.com,Kochi,Kerala,2024-06-20
432,Meera Verma,user432@example.com,Jaipur,Rajasthan,2023-09-03
433,Divya Kulkarni,user433@example.com,Surat,Gujarat,2023-08-12
434,Rahul Singh,user434@example.com,Kochi,Kerala,2023-03-20
435,Aarav Patel,user435@example.com,Lucknow,Uttar Pradesh,2024-07-02
436,Ananya Kulkarni,user436@example.com,Bengaluru,Karnataka,2023-03-15
437,Arjun Sharma,user437@example.com,Jaipur,Rajasthan,2024-02-24
438,Pooja Iyer,user438@example.com,Chandigarh,Punjab,2023-08-30
439,Karthik Das,user439@example.com,Delhi,Delhi,2024-04-03
440,Diya Nair,user440@example.com,Chandigarh,Punjab,2023-07-05
441,Aarav Patel,user441@example.com,Ahmedabad,Gujarat,2023-04-08
442,Meera Sharma,user442@example.com,Kolkata,West Bengal,2023-05-09
443,Pooja Patel,user443@example.com,Hyderabad,Telangana,2023-10-10
444,Divya Singh,user444@example.com,Chennai,Tamil Nadu,2023-01-29
445,Priya Reddy,user445@example.com,Surat,Gujarat,2023-06-13
446,Arjun Joshi,user446@example.com,Chandigarh,Punjab,2024-08-23
447,Aarav Sharma,user447@example.com,Chandigarh,Punjab,2023-02-19
448,Priya Reddy,user448@example.com,Kolkata,West Bengal,2023-10-04
449,Aditya Joshi,user449@example.com,Hyderabad,Telangana,2024-10-13
450,Divya Kulkarni,user450@example.com,Hyderabad,Telangana,2023-01-22
451,Rahul Bose,user451@example.com,Hyderabad,Telangana,2023-06-08
452,Arjun Iyer,user452@example.com,Lucknow,Uttar Pradesh,2024-05-20
453,Diya Menon,user453@example.com,Delhi,Delhi,2023-12-25
454,Rahul Patel,user454@example.com,Bengaluru,Karnataka,2024-07-31
455,Pooja Kulkarni,user455@example.com,Hyderabad,Telangana,2024-02-07
456,Karthik Rao,user456@example.com,Delhi,Delhi,2023-08-30
457,Priya Chopra,user457@example.com,Guwahati,Assam,2024-08-22
458,Pooja Nair,user458@example.com,Ahmedabad,Gujarat,2024-07-26
459,Rohan Patel,user459@example.com,Jaipur,Rajasthan,2023-06-24
460,Rohan Verma,user460@example.com,Jaipur,Rajasthan,2024-05-27
461,Divya Menon,user461@example.com,Bengaluru,Karnataka,2023-07-13
462,Sanjay Menon,user462@example.com,Surat,Gujarat,2023-08-01
463,Pooja Pillai,user463@example.com,Pune,Maharashtra,2023-06-30
464,Aditya Bose,user464@example.com,Hyderabad,Telangana,2024-10-12
465,Priya Pillai,user465@example.com,Delhi,Delhi,2023-04-09
466,Manish Bose,user466@example.com,Chennai,Tamil Nadu,2024-11-04
467,Neha Iyer,user467@example.com,Lucknow,Uttar Pradesh,2023-12-04
468,Diya Gupta,user468@example.com,Kochi,Kerala,2023-09-23
469,Rahul Das,user469@example.com,Mumbai,Maharashtra,2023-01-12
470,Diya Nair,user470@example.com,Chennai,Tamil Nadu,2024-07-06
471,Arjun Rao,user471@example.com,Surat,Gujarat,2023-11-06
472,Sneha Pillai,user472@example.com,Pune,Maharashtra,2024-08-11
473,Karthik Nair,user473@example.com,Hyderabad,Telangana,2023-08-13
474,Manish Pillai,user474@example.com,Mumbai,Maharashtra,2023-10-23
475,Pooja Bose,user475@example.com,Ahmedabad,Gujarat,2023-08-05
476,Isha Pillai,user476@example.com,Delhi,Delhi,2024-05-06
477,Kavya Bose,user477@example.com,Ahmedabad,Gujarat,2023-04-11
478,Aditya Patel,user478@example.com,Jaipur,Rajasthan,2023-10-06
479,Karthik Reddy,user479@example.com,Bhubaneswar,Odisha,2023-10-07
480,Manish Nair,user480@example.com,Lucknow,Uttar Pradesh,2023-12-10
481,Sneha Iyer,user481@example.com,Chandigarh,Punjab,2024-04-03
482,Manish Bose,user482@example.com,Guwahati,Assam,2024-10-19
483,Divya Patel,user483@example.com,Delhi,Delhi,2024-05-12
484,Ananya Reddy,user484@example.com,Bhubaneswar,Odisha,2023-05-25
485,Pooja Pillai,user485@example.com,Jaipur,Rajasthan,2024-06-23
486,Sanjay Das,user486@example.com,Guwahati,Assam,2023-01-12
487,Aditya Patel,user487@example.com,Chennai,Tamil Nadu,2024-09-05
488,Divya Singh,user488@example.com,Lucknow,Uttar Pradesh,2023-03-11
489,Sneha Joshi,user489@example.com,Patna,Bihar,2023-01-26
490,Neha Pillai,user490@example.com,Jaipur,Rajasthan,2024-03-09
491,Karthik Gupta,user491@example.com,Lucknow,Uttar Pradesh,2024-03-21
492,Priya Iyer,user492@example.com,Mumbai,Maharashtra,2023-12-30
493,Diya Nair,user493@example.com,Surat,Gujarat,2024-01-22
494,Ananya Chopra,user494@example.com,Kolkata,West Bengal,2023-07-27
495,Aditya Gupta,user495@example.com,Jaipur,Rajasthan,2023-11-24
496,Rohan Verma,user496@example.com,Hyderabad,Telangana,2024-11-30
497,Nikhil Menon,user497@example.com,Ahmedabad,Gujarat,2024-08-21
498,Priya Rao,user498@example.com,Jaipur,Rajasthan,2024-05-15
499,Isha Nair,user499@example.com,Pune,Maharashtra,2024-09-23
500,Aditya Patel,user500@example.com,Bhubaneswar,Odisha,2023-04-03
501,Rahul Nair,user501@example.com,Jaipur,Rajasthan,2023-06-23
502,Arjun Iyer,user502@example.com,Patna,Bihar,2023-05-25
503,Aditya Kulkarni,user503@example.com,Chandigarh,Punjab,2023-08-14
504,Sanjay Singh,user504@example.com,Chennai,Tamil Nadu,2024-01-31
505,Rahul Pillai,user505@example.com,Surat,Gujarat,2023-10-25
506,Rohan Chopra,user506@example.com,Bengaluru,Karnataka,2023-04-11
507,Ananya Joshi,user507@example.com,Bengaluru,Karnataka,2023-01-09
508,Manish Reddy,user508@example.com,Patna,Bihar,2024-04-25
509,Ananya Iyer,user509@example.com,Surat,Gujarat,2023-06-14
510,Isha Nair,user510@example.com,Bhubaneswar,Odisha,2023-07-16
511,Arjun Verma,user511@example.com,Guwahati,Assam,2023-01-02
512,Kavya Chopra,user512@example.com,Guwahati,Assam,2024-09-08
513,Sanjay Joshi,user513@example.com,Jaipur,Rajasthan,2023-01-18
514,Ananya Kulkarni,user514@example.com,Hyderabad,Telangana,2024-03-22
515,Manish Sharma,user515@example.com,Ahmedabad,Gujarat,2023-10-26
516,Manish Nair,user516@example.com,Delhi,Delhi,2023-06-27
517,Diya Das,user517@example.com,Pune,Maharashtra,2023-03-06
518,Divya Reddy,user518@example.com,Chandigarh,Punjab,2023-01-28
519,Kavya Sharma,user519@example.com,Pune,Maharashtra,2024-04-24
520,Meera Reddy,user520@example.com,Jaipur,Rajasthan,2024-01-11
521,Neha Gupta,user521@example.com,Chandigarh,Punjab,2023-07-09
522,Aarav Patel,user522@example.com,Pune,Maharashtra,2023-08-10
523,Divya Kulkarni,user523@example.com,Patna,Bihar,2023-09-11
524,Sanjay Nair,user524@example.com,Pune,Maharashtra,2023-03-31
525,Manish Reddy,user525@example.com,Ahmedabad,Gujarat,2024-04-10
526,Vikram Sharma,user526@example.com,Mumbai,Maharashtra,2023-03-29
527,Aarav Das,user527@example.com,Delhi,Delhi,2023-11-24
528,Sneha Sharma,user528@example.com,Hyderabad,Telangana,2023-10-21
529,Karthik Gupta,user529@example.com,Delhi,Delhi,2024-09-01
530,Priya Singh,user530@example.com,Kochi,Kerala,2024-07-26
531,Pooja Rao,user531@example.com,Chandigarh,Punjab,2023-11-25
532,Arjun Kulkarni,user532@example.com,Surat,Gujarat,2024-10-01
533,Kavya Rao,user533@example.com,Ahmedabad,Gujarat,2023-09-03
534,Priya Singh,user534@example.com,Mumbai,Maharashtra,2023-03-03
535,Nikhil Iyer,user535@example.com,Kolkata,West Bengal,2024-02-05
536,Divya Sharma,user536@example.com,Chandigarh,Punjab,2023-06-07
537,Diya Rao,user537@example.com,Bhubaneswar,Odisha,2023-06-07
538,Karthik Reddy,user538@example.com,Bengaluru,Karnataka,2023-06-17
539,Aarav Joshi,user539@example.com,Ahmedabad,Gujarat,2023-01-16
540,Diya Nair,user540@example.com,Guwahati,Assam,2023-02-01
541,Sneha Gupta,user541@example.com,Kochi,Kerala,2024-03-22
542,Pooja Patel,user542@example.com,Patna,Bihar,2023-12-03
543,Isha Patel,user543@example.com,Delhi,Delhi,2024-10-15
544,Ananya Das,user544@example.com,Kolkata,West Bengal,2024-11-06
545,Nikhil Das,user545@example.com,Kolkata,West Bengal,2023-11-06
546,Meera Nair,user546@example.com,Kolkata,West Bengal,2024-04-04
547,Kavya Rao,user547@example.com,Surat,Gujarat,2024-02-03
548,Sneha Gupta,user548@example.com,Kolkata,West Bengal,2024-01-04
549,Nikhil Patel,user549@example.com,Delhi,Delhi,2024-07-11
550,Pooja Kulkarni,user550@example.com,Patna,Bihar,2023-09-09
551,Vikram Bose,user551@example.com,Bengaluru,Karnataka,2024-08-03
552,Nikhil Pillai,user552@example.com,Kochi,Kerala,2023-04-03
553,Isha Bose,user553@example.com,Kochi,Kerala,2023-02-21
554,Divya Nair,user554@example.com,Pune,Maharashtra,2024-08-31
555,Divya Pillai,user555@example.com,Chennai,Tamil Nadu,2024-05-01
556,Nikhil Menon,user556@example.com,Jaipur,Rajasthan,2024-11-29
557,Pooja Singh,user557@example.com,Jaipur,Rajasthan,2024-06-06
558,Manish Iyer,user558@example.com,Bengaluru,Karnataka,2023-09-23
559,Priya Das,user559@example.com,Bengaluru,Karnataka,2024-03-09
560,Vikram Gupta,user560@example.com,Lucknow,Uttar Pradesh,2023-02-17
561,Sneha Chopra,user561@example.com,Bengaluru,Karnataka,2024-10-22
562,Pooja Menon,user562@example.com,Ahmedabad,Gujarat,2023-05-09
563,Meera Bose,user563@example.com,Kochi,Kerala,2024-04-24
564,Sanjay Iyer,user564@example.com,Chennai,Tamil Nadu,2023-05-08
565,Rohan Rao,user565@example.com,Bhubaneswar,Odisha,2024-03-19
566,Rahul Chopra,user566@example.com,Lucknow,Uttar Pradesh,2023-07-06
567,Diya Patel,user567@example.com,Chennai,Tamil Nadu,2024-10-11
568,Arjun Chopra,user568@example.com,Mumbai,Maharashtra,2023-03-23
569,Pooja Sharma,user569@example.com,Hyderabad,Telangana,2024-09-11
570,Aarav Iyer,user570@example.com,Bengaluru,Karnataka,2023-01-01
571,Meera Menon,user571@example.com,Kolkata,West Bengal,2024-10-08
572,Karthik Sharma,user572@example.com,Chennai,Tamil Nadu,2023-11-12
573,Nikhil Nair,user573@example.com,Chandigarh,Punjab,2024-11-21
574,Nikhil Joshi,user574@example.com,Jaipur,Rajasthan,2024-08-08
575,Isha Menon,user575@example.com,Ahmedabad,Gujarat,2024-07-13
576,Priya Iyer,user576@example.com,Chandigarh,Punjab,2023-06-14
577,Nikhil Singh,user577@example.com,Chennai,Tamil Nadu,2023-02-13
578,Manish Iyer,user578@example.com,Kolkata,West Bengal,2024-11-25
579,Arjun Nair,user579@example.com,Pune,Maharashtra,2024-08-24
580,Pooja Nair,user580@example.com,Kolkata,West Bengal,2023-06-22
581,Karthik Verma,user581@example.com,Hyderabad,Telangana,2023-07-11
582,Karthik Sharma,user582@example.com,Chennai,Tamil Nadu,2024-11-26
583,Meera Verma,user583@example.com,Kochi,Kerala,2023-08-26
584,Divya Verma,user584@example.com,Patna,Bihar,2023-10-26
585,Aarav Bose,user585@example.com,Jaipur,Rajasthan,2023-07-18
586,Rahul Joshi,user586@example.com,Ahmedabad,Gujarat,2024-06-20
587,Pooja Nair,user587@example.com,Delhi,Delhi,2024-11-22
588,Arjun Gupta,user588@example.com,Kochi,Kerala,2023-04-15
589,Meera Nair,user589@example.com,Chennai,Tamil Nadu,2023-12-21
590,Aditya Bose,user590@example.com,Guwahati,Assam,2023-04-20
591,Rahul Verma,user591@example.com,Lucknow,Uttar Pradesh,2023-05-21
592,Nikhil Kulkarni,user592@example.com,Ahmedabad,Gujarat,2024-06-30
593,Pooja Nair,user593@example.com,Jaipur,Rajasthan,2024-05-20
594,Rahul Kulkarni,user594@example.com,Chandigarh,Punjab,2023-12-13
595,Sanjay Sharma,user595@example.com,Lucknow,Uttar Pradesh,2023-01-16
596,Sanjay Das,user596@example.com,Kochi,Kerala,2023-10-05
597,Sanjay Das,user597@example.com,Hyderabad,Telangana,2024-10-03
598,Sneha Nair,user598@example.com,Mumbai,Maharashtra,2024-07-28
599,Divya Iyer,user599@example.com,Surat,Gujarat,2024-03-12
600,Pooja Bose,user600@example.com,Kolkata,West Bengal,2023-02-06
601,Neha Reddy,user601@example.com,Ahmedabad,Gujarat,2024-08-12
602,Rahul Bose,user602@example.com,Pune,Maharashtra,2023-12-15
603,Aditya Gupta,user603@example.com,Ahmedabad,Gujarat,2024-01-27
604,Karthik Pillai,user604@example.com,Lucknow,Uttar Pradesh,2024-01-04
605,Pooja Kulkarni,user605@example.com,Guwahati,Assam,2024-06-06
606,Isha Verma,user606@example.com,Mumbai,Maharashtra,2023-08-23
607,Isha Rao,user607@example.com,Surat,Gujarat,2024-07-08
608,Diya Singh,user608@example.com,Surat,Gujarat,2023-02-01
609,Arjun Nair,user609@example.com,Chennai,Tamil Nadu,2023-09-24
610,Aarav Iyer,user610@example.com,Hyderabad,Telangana,2023-11-19
611,Aarav Singh,user611@example.com,Bengaluru,Karnataka,2024-10-15
612,Rahul Chopra,user612@example.com,Delhi,Delhi,2024-09-25
613,Rohan Rao,user613@example.com,Kochi,Kerala,2024-03-26
614,Karthik Bose,user614@example.com,Bengaluru,Karnataka,2023-01-01
615,Vikram Singh,user615@example.com,Delhi,Delhi,2023-04-01
616,Ananya Nair,user616@example.com,Bengaluru,Karnataka,2023-12-04
617,Priya Verma,user617@example.com,Lucknow,Uttar Pradesh,2024-09-07
618,Arjun Gupta,user618@example.com,Chennai,Tamil Nadu,2023-07-27
619,Meera Bose,user619@example.com,Bhubaneswar,Odisha,2024-02-25
620,Sneha Joshi,user620@example.com,Chandigarh,Punjab,2024-08-29
621,Pooja Sharma,user621@example.com,Ahmedabad,Gujarat,2024-03-24
622,Divya Iyer,user622@example.com,Surat,Gujarat,2024-06-22
623,Meera Joshi,user623@example.com,Kochi,Kerala,2023-08-12
624,Meera Reddy,user624@example.com,Pune,Maharashtra,2023-11-15
625,Pooja Bose,user625@example.com,Mumbai,Maharashtra,2023-05-14
626,Aditya Chopra,user626@example.com,Jaipur,Rajasthan,2024-11-05
627,Meera Rao,user627@example.com,Pune,Maharashtra,2024-03-15
628,Nikhil Rao,user628@example.com,Chandigarh,Punjab,2023-07-11
629,Diya Nair,user629@example.com,Chandigarh,Punjab,2024-05-12
630,Sanjay Bose,user630@example.com,Hyderabad,Telangana,2024-11-04
631,Divya Pillai,user631@example.com,Hyderabad,Telangana,2023-10-26
632,Divya Sharma,user632@example.com,Jaipur,Rajasthan,2023-02-03
633,Karthik Chopra,user633@example.com,Surat,Gujarat,2024-05-16
634,Rahul Kulkarni,user634@example.com,Patna,Bihar,2024-10-08
635,Meera Kulkarni,user635@example.com,Jaipur,Rajasthan,2024-04-04
636,Sneha Iyer,user636@example.com,Lucknow,Uttar Pradesh,2024-01-29
637,Manish Chopra,user637@example.com,Bhubaneswar,Odisha,2024-04-19
638,Meera Kulkarni,user638@example.com,Jaipur,Rajasthan,2023-12-02
639,Divya Iyer,user639@example.com,Jaipur,Rajasthan,2023-01-01
640,Rahul Rao,user640@example.com,Surat,Gujarat,2024-07-27
641,Karthik Das,user641@example.com,Kolkata,West Bengal,2024-06-25
642,Isha Gupta,user642@example.com,Lucknow,Uttar Pradesh,2023-07-01
643,Kavya Pillai,user643@example.com,Bengaluru,Karnataka,2024-04-21
644,Diya Patel,user644@example.com,Kolkata,West Bengal,2023-08-25
645,Karthik Patel,user645@example.com,Bengaluru,Karnataka,2023-01-31
646,Isha Bose,user646@example.com,Jaipur,Rajasthan,2024-01-27
647,Vikram Bose,user647@example.com,Chennai,Tamil Nadu,2024-06-02
648,Neha Reddy,user648@example.com,Surat,Gujarat,2023-04-01
649,Priya Chopra,user649@example.com,Bengaluru,Karnataka,2023-07-15
650,Manish Singh,user650@example.com,Chennai,Tamil Nadu,2023-03-10
651,Rohan Das,user651@example.com,Kochi,Kerala,2024-10-16
652,Aditya Joshi,user652@example.com,Chennai,Tamil Nadu,2024-11-02
653,Karthik Chopra,user653@example.com,Lucknow,Uttar Pradesh,2024-05-28
654,Neha Nair,user654@example.com,Delhi,Delhi,2024-06-19
655,Arjun Nair,user655@example.com,Mumbai,Maharashtra,2024-03-02
656,Sanjay Pillai,user656@example.com,Mumbai,Maharashtra,2023-10-13
657,Vikram Patel,user657@example.com,Delhi,Delhi,2024-01-01
658,Meera Bose,user658@example.com,Pune,Maharashtra,2024-10-01
659,Diya Reddy,user659@example.com,Mumbai,Maharashtra,2024-11-17
660,Sneha Joshi,user660@example.com,Jaipur,Rajasthan,2023-11-08
661,Kavya Rao,user661@example.com,Kolkata,West Bengal,2024-09-06
662,Rahul Bose,user662@example.com,Patna,Bihar,2023-04-23
663,Vikram Pillai,user663@example.com,Jaipur,Rajasthan,2023-12-24
664,Priya Menon,user664@example.com,Hyderabad,Telangana,2023-08-25
665,Rohan Joshi,user665@example.com,Kolkata,West Bengal,2023-02-11
666,Aditya Iyer,user666@example.com,Hyderabad,Telangana,2023-06-03
667,Manish Reddy,user667@example.com,Bengaluru,Karnataka,2023-07-03
668,Arjun Nair,user668@example.com,Kolkata,West Bengal,2024-05-13
669,Manish Kulkarni,user669@example.com,Bengaluru,Karnataka,2024-04-27
670,Aarav Joshi,user670@example.com,Kochi,Kerala,2024-10-29
671,Meera Patel,user671@example.com,Delhi,Delhi,2024-10-21
672,Diya Bose,user672@example.com,Hyderabad,Telangana,2024-05-01
673,Sneha Kulkarni,user673@example.com,Surat,Gujarat,2023-07-21
674,Vikram Rao,user674@example.com,Jaipur,Rajasthan,2023-02-09
675,Aarav Nair,user675@example.com,Surat,Gujarat,2024-01-28
676,Neha Reddy,user676@example.com,Kolkata,West Bengal,2023-07-10
677,Sneha Patel,user677@example.com,Pune,Maharashtra,2024-06-03
678,Priya Kulkarni,user678@example.com,Delhi,Delhi,2023-08-25
679,Rahul Joshi,user679@example.com,Kolkata,West Bengal,2024-04-25
680,Aditya Singh,user680@example.com,Kolkata,West Bengal,2023-05-27
681,Pooja Chopra,user681@example.com,Chennai,Tamil Nadu,2023-08-08
682,Sanjay Pillai,user682@example.com,Pune,Maharashtra,2023-03-08
683,Divya Menon,user683@example.com,Hyderabad,Telangana,2024-06-20
684,Sanjay Iyer,user684@example.com,Pune,Maharashtra,2023-09-20
685,Rohan Kulkarni,user685@example.com,Guwahati,Assam,2023-06-25
686,Diya Patel,user686@example.com,Ahmedabad,Gujarat,2024-09-24
687,Divya Gupta,user687@example.com,Jaipur,Rajasthan,2023-07-30
688,Karthik Joshi,user688@example.com,Pune,Maharashtra,2023-06-23
689,Vikram Bose,user689@example.com,Guwahati,Assam,2024-06-07
690,Pooja Bose,user690@example.com,Mumbai,Maharashtra,2024-07-18
691,Manish Patel,user691@example.com,Kolkata,West Bengal,2023-08-04
692,Nikhil Pillai,user692@example.com,Pune,Maharashtra,2024-08-12
693,Rohan Iyer,user693@example.com,Chennai,Tamil Nadu,2024-09-06
694,Rohan Verma,user694@example.com,Chennai,Tamil Nadu,2024-01-10
695,Meera Singh,user695@example.com,Pune,Maharashtra,2024-02-13
696,Vikram Reddy,user696@example.com,Kochi,Kerala,2023-06-05
697,Ananya Bose,user697@example.com,Kolkata,West Bengal,2023-03-18
698,Rohan Reddy,user698@example.com,Hyderabad,Telangana,2024-02-04
699,Aditya Chopra,user699@example.com,Hyderabad,Telangana,2023-11-29
700,Sanjay Kulkarni,user700@example.com,Bhubaneswar,Odisha,2024-05-26
701,Rohan Iyer,user701@example.com,Bengaluru,Karnataka,2024-01-28
702,Neha Bose,user702@example.com,Kochi,Kerala,2024-11-25
703,Vikram Gupta,user703@example.com,Lucknow,Uttar Pradesh,2023-12-01
704,Meera Singh,user704@example.com,Surat,Gujarat,2023-03-25
705,Kavya Pillai,user705@example.com,Bhubaneswar,Odisha,2023-05-14
706,Manish Chopra,user706@example.com,Lucknow,Uttar Pradesh,2023-09-09
707,Priya Patel,user707@example.com,Delhi,Delhi,2023-08-01
708,Pooja Verma,user708@example.com,Surat,Gujarat,2024-09-13
709,Aarav Verma,user709@example.com,Hyderabad,Telangana,2023-01-03
710,Meera Joshi,user710@example.com,Lucknow,Uttar Pradesh,2024-08-27
711,Neha Chopra,user711@example.com,Kolkata,West Bengal,2023-10-13
712,Isha Patel,user712@example.com,Bhubaneswar,Odisha,2024-11-30
713,Divya Gupta,user713@example.com,Kolkata,West Bengal,2024-06-06
714,Arjun Bose,user714@example.com,Pune,Maharashtra,2024-04-23
715,Nikhil Das,user715@example.com,Kochi,Kerala,2023-08-11
716,Diya Singh,user716@example.com,Bhubaneswar,Odisha,2023-08-29
717,Isha Patel,user717@example.com,Chennai,Tamil Nadu,2024-01-02
718,Pooja Iyer,user718@example.com,Kolkata,West Bengal,2023-12-03
719,Priya Kulkarni,user719@example.com,Chennai,Tamil Nadu,2023-10-09
720,Kavya Singh,user720@example.com,Surat,Gujarat,2023-06-14
721,Meera Verma,user721@example.com,Guwahati,Assam,2023-08-18
722,Pooja Bose,user722@example.com,Pune,Maharashtra,2024-05-14
723,Vikram Gupta,user723@example.com,Bengaluru,Karnataka,2023-04-30
724,Pooja Singh,user724@example.com,Guwahati,Assam,2023-12-03
725,Priya Sharma,user725@example.com,Chennai,Tamil Nadu,2024-11-12
726,Ananya Nair,user726@example.com,Lucknow,Uttar Pradesh,2024-11-17
727,Karthik Patel,user727@example.com,Chennai,Tamil Nadu,2024-02-04
728,Sanjay Pillai,user728@example.com,Patna,Bihar,2023-08-12
729,Karthik Verma,user729@example.com,Hyderabad,Telangana,2023-10-15
730,Sneha Chopra,user730@example.com,Chandigarh,Punjab,2023-12-02
731,Diya Reddy,user731@example.com,Guwahati,Assam,2023-06-02
732,Arjun Reddy,user732@example.com,Surat,Gujarat,2024-08-11
733,Sanjay Singh,user733@example.com,Kolkata,West Bengal,2024-10-25
734,Priya Joshi,user734@example.com,Jaipur,Rajasthan,2024-04-14
735,Priya Patel,user735@example.com,Kochi,Kerala,2024-01-13
736,Divya Joshi,user736@example.com,Bengaluru,Karnataka,2024-02-08
737,Neha Iyer,user737@example.com,Guwahati,Assam,2024-03-09
738,Arjun Pillai,user738@example.com,Chandigarh,Punjab,2024-01-19
739,Vikram Singh,user739@example.com,Lucknow,Uttar Pradesh,2024-05-24
740,Sneha Bose,user740@example.com,Lucknow,Uttar Pradesh,2023-04-18
741,Priya Joshi,user741@example.com,Chennai,Tamil Nadu,2024-05-06
742,Rahul Patel,user742@example.com,Patna,Bihar,2023-05-26
743,Priya Rao,user743@example.com,Pune,Maharashtra,2023-09-04
744,Divya Nair,user744@example.com,Surat,Gujarat,2024-10-15
745,Sanjay Singh,user745@example.com,Kochi,Kerala,2023-11-15
746,Sanjay Bose,user746@example.com,Ahmedabad,Gujarat,2024-09-10
747,Pooja Gupta,user747@example.com,Patna,Bihar,2023-12-05
748,Pooja Bose,user748@example.com,Delhi,Delhi,2024-02-11
749,Aditya Chopra,user749@example.com,Kolkata,West Bengal,2023-07-21
750,Meera Kulkarni,user750@example.com,Guwahati,Assam,2023-07-23
751,Sanjay Menon,user751@example.com,Bengaluru,Karnataka,2023-05-06
752,Pooja Nair,user752@example.com,Ahmedabad,Gujarat,2023-04-15
753,Rahul Iyer,user753@example.com,Kochi,Kerala,2023-03-30
754,Pooja Pillai,user754@example.com,Patna,Bihar,2023-09-05
755,Rahul Chopra,user755@example.com,Bengaluru,Karnataka,2024-02-11
756,Nikhil Pillai,user756@example.com,Bengaluru,Karnataka,2023-05-12
757,Nikhil Verma,user757@example.com,Kolkata,West Bengal,2023-03-08
758,Pooja Rao,user758@example.com,Patna,Bihar,2023-11-22
759,Divya Bose,user759@example.com,Guwahati,Assam,2024-07-21
760,Rahul Singh,user760@example.com,Ahmedabad,Gujarat,2023-06-04
761,Aditya Chopra,user761@example.com,Bhubaneswar,Odisha,2024-05-22
762,Rohan Verma,user762@example.com,Delhi,Delhi,2024-02-14
763,Ananya Gupta,user763@example.com,Lucknow,Uttar Pradesh,2023-05-11
764,Neha Iyer,user764@example.com,Pune,Maharashtra,2024-10-13
765,Aditya Gupta,user765@example.com,Hyderabad,Telangana,2024-10-26
766,Rohan Nair,user766@example.com,Delhi,Delhi,2023-05-01
767,Aditya Kulkarni,user767@example.com,Mumbai,Maharashtra,2024-03-11
768,Kavya Patel,user768@example.com,Patna,Bihar,2023-03-09
769,Kavya Sharma,user769@example.com,Pune,Maharashtra,2024-11-25
770,Meera Bose,user770@example.com,Chandigarh,Punjab,2024-04-22
771,Priya Verma,user771@example.com,Chennai,Tamil Nadu,2024-05-20
772,Arjun Joshi,user772@example.com,Pune,Maharashtra,2023-07-31
773,Divya Sharma,user773@example.com,Kolkata,West Bengal,2023-11-25
774,Vikram Iyer,user774@example.com,Jaipur,Rajasthan,2024-11-25
775,Ananya Sharma,user775@example.com,Chennai,Tamil Nadu,2024-10-22
776,Manish Sharma,user776@example.com,Bengaluru,Karnataka,2023-08-23
777,Manish Joshi,user777@example.com,Lucknow,Uttar Pradesh,2023-06-06
778,Neha Patel,user778@example.com,Chennai,Tamil Nadu,2024-08-24
779,Meera Das,user779@example.com,Bengaluru,Karnataka,2024-11-05
780,Vikram Gupta,user780@example.com,Surat,Gujarat,2023-07-17
781,Priya Singh,user781@example.com,Bhubaneswar,Odisha,2023-12-09
782,Sneha Menon,user782@example.com,Kochi,Kerala,2024-10-13
783,Pooja Rao,user783@example.com,Surat,Gujarat,2023-05-01
784,Divya Pillai,user784@example.com,Lucknow,Uttar Pradesh,2024-03-10
785,Meera Verma,user785@example.com,Mumbai,Maharashtra,2023-06-12
786,Aditya Das,user786@example.com,Surat,Gujarat,2024-03-21
787,Ananya Verma,user787@example.com,Pune,Maharashtra,2023-12-12
788,Aarav Das,user788@example.com,Delhi,Delhi,2023-09-29
789,Arjun Pillai,user789@example.com,Hyderabad,Telangana,2024-04-10
790,Kavya Patel,user790@example.com,Chandigarh,Punjab,2024-03-21
791,Nikhil Verma,user791@example.com,Chennai,Tamil Nadu,2023-08-12
792,Sanjay Iyer,user792@example.com,Pune,Maharashtra,2023-03-28
793,Aarav Singh,user793@example.com,Surat,Gujarat,2023-10-20
794,Kavya Kulkarni,user794@example.com,Mumbai,Maharashtra,2023-05-25
795,Aarav Rao,user795@example.com,Kolkata,West Bengal,2024-05-28
796,Manish Bose,user796@example.com,Kolkata,West Bengal,2023-01-22
797,Manish Joshi,user797@example.com,Bengaluru,Karnataka,2024-08-26
798,Priya Chopra,user798@example.com,Bengaluru,Karnataka,2024-08-09
799,Rahul Nair,user799@example.com,Chennai,Tamil Nadu,2024-02-02
800,Rohan Patel,user800@example.com,Hyderabad,Telangana,2023-03-30
801,Aarav Singh,user801@example.com,Guwahati,Assam,2024-11-12
802,Nikhil Gupta,user802@example.com,Hyderabad,Telangana,2024-05-17
803,Divya Pillai,user803@example.com,Surat,Gujarat,2024-01-22
804,Isha Sharma,user804@example.com,Ahmedabad,Gujarat,2023-06-02
805,Pooja Nair,user805@example.com,Delhi,Delhi,2024-02-09
806,Sanjay Iyer,user806@example.com,Hyderabad,Telangana,2024-07-03
807,Sneha Menon,user807@example.com,Delhi,Delhi,2024-08-20
808,Isha Patel,user808@example.com,Kolkata,West Bengal,2023-12-27
809,Aarav Reddy,user809@example.com,Surat,Gujarat,2023-11-07
810,Neha Iyer,user810@example.com,Guwahati,Assam,2023-01-05
811,Vikram Rao,user811@example.com,Surat,Gujarat,2023-10-18
812,Sanjay Sharma,user812@example.com,Hyderabad,Telangana,2024-05-09
813,Vikram Bose,user813@example.com,Delhi,Delhi,2023-04-06
814,Meera Das,user814@example.com,Chandigarh,Punjab,2023-12-09
815,Divya Kulkarni,user815@example.com,Kochi,Kerala,2023-05-26
816,Pooja Joshi,user816@example.com,Chennai,Tamil Nadu,2024-08-24
817,Ananya Chopra,user817@example.com,Delhi,Delhi,2023-06-21
818,Vikram Reddy,user818@example.com,Hyderabad,Telangana,2023-02-25
819,Karthik Joshi,user819@example.com,Jaipur,Rajasthan,2023-02-21
820,Divya Iyer,user820@example.com,Bhubaneswar,Odisha,2024-11-05
821,Karthik Pillai,user821@example.com,Delhi,Delhi,2024-10-28
822,Nikhil Verma,user822@example.com,Delhi,Delhi,2024-07-14
823,Diya Sharma,user823@example.com,Lucknow,Uttar Pradesh,2023-05-05
824,Nikhil Rao,user824@example.com,Patna,Bihar,2024-06-15
825,Ananya Gupta,user825@example.com,Hyderabad,Telangana,2023-04-23
826,Meera Kulkarni,user826@example.com,Lucknow,Uttar Pradesh,2023-04-23
827,Diya Pillai,user827@example.com,Chandigarh,Punjab,2024-07-05
828,Karthik Chopra,user828@example.com,Lucknow,Uttar Pradesh,2023-09-19
829,Aarav Kulkarni,user829@example.com,Chandigarh,Punjab,2024-02-08
830,Kavya Bose,user830@example.com,Jaipur,Rajasthan,2023-07-07
831,Ananya Chopra,user831@example.com,Mumbai,Maharashtra,2023-06-21
832,Divya Nair,user832@example.com,Kolkata,West Bengal,2024-03-10
833,Manish Sharma,user833@example.com,Chennai,Tamil Nadu,2024-10-28
834,Divya Nair,user834@example.com,Bhubaneswar,Odisha,2024-10-21
835,Pooja Gupta,user835@example.com,Chandigarh,Punjab,2023-12-01
836,Divya Reddy,user836@example.com,Lucknow,Uttar Pradesh,2023-12-23
837,Nikhil Pillai,user837@example.com,Chandigarh,Punjab,2024-01-25
838,Rohan Nair,user838@example.com,Bhubaneswar,Odisha,2024-11-22
839,Kavya Nair,user839@example.com,Ahmedabad,Gujarat,2024-05-20
840,Diya Singh,user840@example.com,Chennai,Tamil Nadu,2023-01-04
841,Aarav Kulkarni,user841@example.com,Kolkata,West Bengal,2024-03-22
842,Karthik Bose,user842@example.com,Jaipur,Rajasthan,2024-08-02
843,Arjun Chopra,user843@example.com,Kochi,Kerala,2023-10-22
844,Aarav Singh,user844@example.com,Kochi,Kerala,2024-04-07
845,Arjun Singh,user845@example.com,Pune,Maharashtra,2024-08-17
846,Meera Chopra,user846@example.com,Patna,Bihar,2023-06-28
847,Vikram Sharma,user847@example.com,Mumbai,Maharashtra,2023-10-04
848,Sanjay Menon,user848@example.com,Bengaluru,Karnataka,2023-09-09
849,Rohan Chopra,user849@example.com,Delhi,Delhi,2024-03-02
850,Sanjay Iyer,user850@example.com,Jaipur,Rajasthan,2024-08-15
851,Sanjay Menon,user851@example.com,Pune,Maharashtra,2023-03-12
852,Meera Iyer,user852@example.com,Jaipur,Rajasthan,2023-04-22
853,Diya Pillai,user853@example.com,Lucknow,Uttar Pradesh,2023-04-11
854,Diya Reddy,user854@example.com,Kolkata,West Bengal,2023-08-16
855,Arjun Pillai,user855@example.com,Hyderabad,Telangana,2024-01-22
856,Manish Joshi,user856@example.com,Kolkata,West Bengal,2024-05-18
857,Rahul Iyer,user857@example.com,Ahmedabad,Gujarat,2023-05-27
858,Manish Gupta,user858@example.com,Guwahati,Assam,2023-08-28
859,Manish Gupta,user859@example.com,Bengaluru,Karnataka,2023-02-16
860,Aarav Gupta,user860@example.com,Guwahati,Assam,2024-01-16
861,Meera Iyer,user861@example.com,Pune,Maharashtra,2023-03-24
862,Aarav Sharma,user862@example.com,Ahmedabad,Gujarat,2024-07-20
863,Meera Chopra,user863@example.com,Lucknow,Uttar Pradesh,2024-10-17
864,Meera Reddy,user864@example.com,Kochi,Kerala,2023-11-18
865,Neha Reddy,user865@example.com,Bengaluru,Karnataka,2023-12-03
866,Pooja Singh,user866@example.com,Surat,Gujarat,2024-03-20
867,Priya Verma,user867@example.com,Ahmedabad,Gujarat,2023-04-10
868,Pooja Sharma,user868@example.com,Delhi,Delhi,2024-04-02
869,Isha Iyer,user869@example.com,Bhubaneswar,Odisha,2023-06-24
870,Meera Joshi,user870@example.com,Chennai,Tamil Nadu,2024-05-18
871,Kavya Joshi,user871@example.com,Chennai,Tamil Nadu,2023-09-05
872,Aarav Das,user872@example.com,Jaipur,Rajasthan,2024-04-10
873,Manish Gupta,user873@example.com,Chennai,Tamil Nadu,2023-10-31
874,Vikram Iyer,user874@example.com,Kolkata,West Bengal,2023-08-12
875,Aditya Das,user875@example.com,Ahmedabad,Gujarat,2023-08-28
876,Arjun Pillai,user876@example.com,Chandigarh,Punjab,2023-09-04
877,Pooja Rao,user877@example.com,Guwahati,Assam,2024-02-07
878,Meera Gupta,user878@example.com,Bhubaneswar,Odisha,2023-07-14
879,Nikhil Gupta,user879@example.com,Patna,Bihar,2023-07-24
880,Arjun Singh,user880@example.com,Kolkata,West Bengal,2024-08-28
881,Arjun Nair,user881@example.com,Lucknow,Uttar Pradesh,2023-11-05
882,Diya Sharma,user882@example.com,Patna,Bihar,2024-01-30
883,Pooja Joshi,user883@example.com,Ahmedabad,Gujarat,2023-12-08
884,Divya Menon,user884@example.com,Pune,Maharashtra,2024-11-29
885,Arjun Rao,user885@example.com,Surat,Gujarat,2023-11-19
886,Nikhil Pillai,user886@example.com,Chandigarh,Punjab,2024-10-19
887,Meera Nair,user887@example.com,Delhi,Delhi,2023-01-13
888,Diya Patel,user888@example.com,Hyderabad,Telangana,2023-10-27
889,Priya Iyer,user889@example.com,Hyderabad,Telangana,2023-07-30
890,Rohan Iyer,user890@example.com,Pune,Maharashtra,2023-10-10
891,Rahul Patel,user891@example.com,Kolkata,West Bengal,2024-03-21
892,Isha Nair,user892@example.com,Bengaluru,Karnataka,2023-05-10
893,Rohan Bose,user893@example.com,Guwahati,Assam,2023-04-01
894,Kavya Chopra,user894@example.com,Lucknow,Uttar Pradesh,2023-11-21
895,Vikram Patel,user895@example.com,Kochi,Kerala,2023-01-26
896,Diya Das,user896@example.com,Chandigarh,Punjab,2024-07-22
897,Diya Patel,user897@example.com,Jaipur,Rajasthan,2023-12-07
898,Meera Joshi,user898@example.com,Patna,Bihar,2024-03-26
899,Sneha Joshi,user899@example.com,Chandigarh,Punjab,2023-04-18
900,Rahul Menon,user900@example.com,Patna,Bihar,2024-09-13
901,Aditya Joshi,user901@example.com,Mumbai,Maharashtra,2023-05-21
902,Vikram Pillai,user902@example.com,Hyderabad,Telangana,2024-02-21
903,Ananya Menon,user903@example.com,Kochi,Kerala,2023-07-16
904,Priya Bose,user904@example.com,Delhi,Delhi,2023-01-01
905,Arjun Gupta,user905@example.com,Lucknow,Uttar Pradesh,2023-06-10
906,Ananya Iyer,user906@example.com,Ahmedabad,Gujarat,2024-04-01
907,Isha Pillai,user907@example.com,Jaipur,Rajasthan,2023-10-03
908,Rohan Sharma,user908@example.com,Chennai,Tamil Nadu,2023-10-27
909,Ananya Gupta,user909@example.com,Surat,Gujarat,2023-02-24
910,Isha Patel,user910@example.com,Kolkata,West Bengal,2024-04-09
911,Neha Das,user911@example.com,Chennai,Tamil Nadu,2023-08-22
912,Sanjay Sharma,user912@example.com,Ahmedabad,Gujarat,2023-02-01
913,Meera Pillai,user913@example.com,Surat,Gujarat,2023-12-29
914,Karthik Gupta,user914@example.com,Kochi,Kerala,2024-07-31
915,Isha Sharma,user915@example.com,Guwahati,Assam,2023-03-11
916,Priya Singh,user916@example.com,Jaipur,Rajasthan,2023-12-03
917,Diya Rao,user917@example.com,Jaipur,Rajasthan,2024-09-03
918,Ananya Menon,user918@example.com,Mumbai,Maharashtra,2024-05-14
919,Kavya Iyer,user919@example.com,Bhubaneswar,Odisha,2024-10-30
920,Rahul Chopra,user920@example.com,Delhi,Delhi,2024-01-14
921,Nikhil Iyer,user921@example.com,Lucknow,Uttar Pradesh,2023-05-26
922,Sanjay Iyer,user922@example.com,Bengaluru,Karnataka,2024-03-25
923,Isha Reddy,user923@example.com,Mumbai,Maharashtra,2023-08-01
924,Pooja Singh,user924@example.com,Mumbai,Maharashtra,2023-12-23
925,Rahul Reddy,user925@example.com,Guwahati,Assam,2024-08-17
926,Nikhil Rao,user926@example.com,Delhi,Delhi,2023-06-27
927,Diya Reddy,user927@example.com,Chennai,Tamil Nadu,2024-06-25
928,Rohan Nair,user928@example.com,Chennai,Tamil Nadu,2023-01-02
929,Manish Verma,user929@example.com,Kolkata,West Bengal,2023-11-19
930,Rahul Sharma,user930@example.com,Jaipur,Rajasthan,2024-05-07
931,Rahul Verma,user931@example.com,Kolkata,West Bengal,2023-04-06
932,Ananya Gupta,user932@example.com,Delhi,Delhi,2023-04-09
933,Neha Chopra,user933@example.com,Delhi,Delhi,2023-12-07
934,Manish Nair,user934@example.com,Ahmedabad,Gujarat,2023-09-14
935,Ananya Iyer,user935@example.com,Kochi,Kerala,2024-09-23
936,Vikram Joshi,user936@example.com,Guwahati,Assam,2024-02-22
937,Kavya Reddy,user937@example.com,Chennai,Tamil Nadu,2024-08-06
938,Kavya Das,user938@example.com,Bengaluru,Karnataka,2023-11-21
939,Diya Chopra,user939@example.com,Ahmedabad,Gujarat,2023-07-06
940,Sanjay Nair,user940@example.com,Kolkata,West Bengal,2023-05-08
941,Karthik Verma,user941@example.com,Patna,Bihar,2024-04-18
942,Kavya Gupta,user942@example.com,Pune,Maharashtra,2023-04-17
943,Karthik Pillai,user943@example.com,Chennai,Tamil Nadu,2023-09-25
944,Aditya Kulkarni,user944@example.com,Surat,Gujarat,2024-07-21
945,Pooja Patel,user945@example.com,Chennai,Tamil Nadu,2023-03-04
946,Isha Bose,user946@example.com,Jaipur,Rajasthan,2023-01-24
947,Isha Chopra,user947@example.com,Guwahati,Assam,2023-12-29
948,Diya Nair,user948@example.com,Patna,Bihar,2023-10-18
949,Arjun Gupta,user949@example.com,Kochi,Kerala,2024-11-09
950,Diya Joshi,user950@example.com,Chandigarh,Punjab,2023-10-03
951,Arjun Bose,user951@example.com,Mumbai,Maharashtra,2024-06-23
952,Kavya Singh,user952@example.com,Patna,Bihar,2024-07-24
953,Divya Menon,user953@example.com,Hyderabad,Telangana,2024-03-11
954,Rahul Bose,user954@example.com,Lucknow,Uttar Pradesh,2023-06-06
955,Neha Bose,user955@example.com,Kolkata,West Bengal,2023-12-04
956,Sanjay Chopra,user956@example.com,Kolkata,West Bengal,2023-10-21
957,Sneha Verma,user957@example.com,Jaipur,Rajasthan,2024-05-18
958,Aarav Menon,user958@example.com,Chennai,Tamil Nadu,2023-12-09
959,Ananya Pillai,user959@example.com,Hyderabad,Telangana,2023-07-22
960,Rahul Bose,user960@example.com,Guwahati,Assam,2023-10-17
961,Nikhil Chopra,user961@example.com,Bhubaneswar,Odisha,2023-04-30
962,Neha Gupta,user962@example.com,Delhi,Delhi,2023-09-23
963,Rohan Bose,user963@example.com,Patna,Bihar,2023-11-03
964,Karthik Sharma,user964@example.com,Kochi,Kerala,2023-01-06
965,Divya Pillai,user965@example.com,Ahmedabad,Gujarat,2023-04-22
966,Manish Patel,user966@example.com,Pune,Maharashtra,2024-09-10
967,Ananya Kulkarni,user967@example.com,Surat,Gujarat,2024-04-20
968,Vikram Joshi,user968@example.com,Bengaluru,Karnataka,2023-12-25
969,Pooja Menon,user969@example.com,Delhi,Delhi,2023-01-13
970,Pooja Nair,user970@example.com,Chandigarh,Punjab,2024-01-27
971,Meera Joshi,user971@example.com,Guwahati,Assam,2023-08-03
972,Rohan Menon,user972@example.com,Ahmedabad,Gujarat,2023-02-22
973,Isha Gupta,user973@example.com,Guwahati,Assam,2023-02-26
974,Pooja Verma,user974@example.com,Guwahati,Assam,2024-09-23
975,Ananya Patel,user975@example.com,Hyderabad,Telangana,2023-04-19
976,Isha Menon,user976@example.com,Bengaluru,Karnataka,2024-06-30
977,Divya Menon,user977@example.com,Guwahati,Assam,2023-12-07
978,Pooja Joshi,user978@example.com,Ahmedabad,Gujarat,2023-10-08
979,Sneha Iyer,user979@example.com,Pune,Maharashtra,2023-08-11
980,Aarav Bose,user980@example.com,Guwahati,Assam,2024-03-01
981,Aarav Joshi,user981@example.com,Chennai,Tamil Nadu,2023-11-28
982,Divya Kulkarni,user982@example.com,Chandigarh,Punjab,2023-03-26
983,Priya Rao,user983@example.com,Chennai,Tamil Nadu,2024-04-15
984,Sanjay Verma,user984@example.com,Ahmedabad,Gujarat,2024-07-20
985,Sanjay Patel,user985@example.com,Chennai,Tamil Nadu,2023-02-21
986,Arjun Sharma,user986@example.com,Chennai,Tamil Nadu,2023-11-28
987,Kavya Bose,user987@example.com,Mumbai,Maharashtra,2024-10-29
988,Rahul Nair,user988@example.com,Guwahati,Assam,2024-01-09
989,Rohan Patel,user989@example.com,Jaipur,Rajasthan,2023-12-13
990,Sneha Patel,user990@example.com,Mumbai,Maharashtra,2023-03-28
991,Sanjay Iyer,user991@example.com,Bhubaneswar,Odisha,2024-10-11
992,Sanjay Pillai,user992@example.com,Chandigarh,Punjab,2023-07-16
993,Sneha Verma,user993@example.com,Ahmedabad,Gujarat,2023-12-14
994,Vikram Bose,user994@example.com,Guwahati,Assam,2023-09-19
995,Arjun Kulkarni,user995@example.com,Chennai,Tamil Nadu,2023-02-04
996,Manish Patel,user996@example.com,Chennai,Tamil Nadu,2023-12-17
997,Ananya Bose,user997@example.com,Hyderabad,Telangana,2024-05-07
998,Rahul Menon,user998@example.com,Delhi,Delhi,2024-03-14
999,Pooja Das,user999@example.com,Jaipur,Rajasthan,2023-04-23
1000,Karthik Nair,user1000@example.com,Patna,Bihar,2024-06-13
1001,Rahul Singh,user1001@example.com,Chandigarh,Punjab,2023-06-04
1002,Manish Kulkarni,user1002@example.com,Kolkata,West Bengal,2023-05-17
1003,Sanjay Iyer,user1003@example.com,Patna,Bihar,2023-01-10
1004,Sanjay Chopra,user1004@example.com,Guwahati,Assam,2024-02-10
1005,Pooja Das,user1005@example.com,Lucknow,Uttar Pradesh,2023-03-25
1006,Priya Singh,user1006@example.com,Chennai,Tamil Nadu,2024-02-04
1007,Aarav Pillai,user1007@example.com,Bengaluru,Karnataka,2023-08-12
1008,Aditya Verma,user1008@example.com,Jaipur,Rajasthan,2023-10-12
1009,Diya Sharma,user1009@example.com,Patna,Bihar,2023-05-07
1010,Sanjay Kulkarni,user1010@example.com,Ahmedabad,Gujarat,2024-09-13
1011,Arjun Verma,user1011@example.com,Chennai,Tamil Nadu,2023-12-01
1012,Kavya Sharma,user1012@example.com,Surat,Gujarat,2023-06-25
1013,Sanjay Bose,user1013@example.com,Jaipur,Rajasthan,2024-06-08
1014,Ananya Pillai,user1014@example.com,Kolkata,West Bengal,2023-01-08
1015,Rohan Reddy,user1015@example.com,Kolkata,West Bengal,2023-05-24
1016,Nikhil Sharma,user1016@example.com,Kolkata,West Bengal,2024-06-11
1017,Sneha Das,user1017@example.com,Ahmedabad,Gujarat,2023-08-24
1018,Divya Rao,user1018@example.com,Lucknow,Uttar Pradesh,2024-04-04
1019,Sneha Rao,user1019@example.com,Patna,Bihar,2023-05-15
1020,Rohan Sharma,user1020@example.com,Chennai,Tamil Nadu,2023-12-21
1021,Isha Kulkarni,user1021@example.com,Chandigarh,Punjab,2023-02-02
1022,Isha Iyer,user1022@example.com,Chennai,Tamil Nadu,2023-06-29
1023,Aarav Sharma,user1023@example.com,Lucknow,Uttar Pradesh,2024-01-09
1024,Aarav Reddy,user1024@example.com,Jaipur,Rajasthan,2023-03-23
1025,Kavya Bose,user1025@example.com,Kochi,Kerala,2023-09-13
1026,Vikram Das,user1026@example.com,Delhi,Delhi,2024-11-15
1027,Manish Menon,user1027@example.com,Lucknow,Uttar Pradesh,2023-03-14
1028,Priya Menon,user1028@example.com,Kolkata,West Bengal,2024-01-23
1029,Meera Das,user1029@example.com,Patna,Bihar,2024-02-04
1030,Isha Patel,user1030@example.com,Jaipur,Rajasthan,2023-06-04
1031,Vikram Joshi,user1031@example.com,Chandigarh,Punjab,2024-08-29
1032,Divya Bose,user1032@example.com,Surat,Gujarat,2023-09-16
1033,Arjun Patel,user1033@example.com,Hyderabad,Telangana,2023-03-26
1034,Manish Menon,user1034@example.com,Surat,Gujarat,2024-07-10
1035,Isha Sharma,user1035@example.com,Patna,Bihar,2023-06-04
1036,Manish Kulkarni,user1036@example.com,Chennai,Tamil Nadu,2023-12-27
1037,Sneha Kulkarni,user1037@example.com,Jaipur,Rajasthan,2023-10-23
1038,Sanjay Kulkarni,user1038@example.com,Chennai,Tamil Nadu,2023-05-12
1039,Arjun Sharma,user1039@example.com,Bengaluru,Karnataka,2023-08-09
1040,Diya Patel,user1040@example.com,Chennai,Tamil Nadu,2023-07-06
1041,Rahul Bose,user1041@example.com,Mumbai,Maharashtra,2023-11-29
1042,Divya Gupta,user1042@example.com,Lucknow,Uttar Pradesh,2024-06-06
1043,Neha Pillai,user1043@example.com,Ahmedabad,Gujarat,2023-07-03
1044,Kavya Reddy,user1044@example.com,Bhubaneswar,Odisha,2024-07-03
1045,Meera Pillai,user1045@example.com,Delhi,Delhi,2024-09-04
1046,Rohan Sharma,user1046@example.com,Chandigarh,Punjab,2024-02-26
1047,Divya Patel,user1047@example.com,Ahmedabad,Gujarat,2024-03-20
1048,Aditya Patel,user1048@example.com,Bhubaneswar,Odisha,2023-06-30
1049,Kavya Singh,user1049@example.com,Kochi,Kerala,2024-09-21
1050,Aditya Patel,user1050@example.com,Patna,Bihar,2024-04-02
1051,Priya Patel,user1051@example.com,Guwahati,Assam,2023-10-25
1052,Ananya Reddy,user1052@example.com,Hyderabad,Telangana,2023-01-14
1053,Divya Das,user1053@example.com,Chandigarh,Punjab,2024-08-20
1054,Rahul Chopra,user1054@example.com,Hyderabad,Telangana,2023-01-19
1055,Nikhil Bose,user1055@example.com,Lucknow,Uttar Pradesh,2023-10-29
1056,Sneha Bose,user1056@example.com,Bhubaneswar,Odisha,2023-01-21
1057,Aditya Bose,user1057@example.com,Chandigarh,Punjab,2023-06-25
1058,Priya Singh,user1058@example.com,Mumbai,Maharashtra,2024-09-07
1059,Kavya Rao,user1059@example.com,Guwahati,Assam,2023-04-05
1060,Divya Pillai,user1060@example.com,Patna,Bihar,2023-01-10
1061,Isha Kulkarni,user1061@example.com,Jaipur,Rajasthan,2024-08-14
1062,Aditya Pillai,user1062@example.com,Hyderabad,Telangana,2023-10-28
1063,Priya Nair,user1063@example.com,Surat,Gujarat,2023-07-19
1064,Sanjay Joshi,user1064@example.com,Jaipur,Rajasthan,2023-11-21
1065,Neha Kulkarni,user1065@example.com,Bhubaneswar,Odisha,2023-07-04
1066,Vikram Das,user1066@example.com,Bengaluru,Karnataka,2024-05-25
1067,Sneha Pillai,user1067@example.com,Bhubaneswar,Odisha,2024-04-27
1068,Sneha Kulkarni,user1068@example.com,Surat,Gujarat,2023-02-26
1069,Aditya Nair,user1069@example.com,Kolkata,West Bengal,2023-02-28
1070,Aarav Singh,user1070@example.com,Patna,Bihar,2023-10-18
1071,Sanjay Singh,user1071@example.com,Ahmedabad,Gujarat,2024-04-30
1072,Sneha Singh,user1072@example.com,Mumbai,Maharashtra,2023-06-10
1073,Sneha Joshi,user1073@example.com,Chandigarh,Punjab,2024-01-10
1074,Neha Iyer,user1074@example.com,Kochi,Kerala,2023-03-03
1075,Pooja Verma,user1075@example.com,Ahmedabad,Gujarat,2024-06-20
1076,Divya Das,user1076@example.com,Chennai,Tamil Nadu,2024-07-10
1077,Aarav Pillai,user1077@example.com,Guwahati,Assam,2023-03-09
1078,Karthik Sharma,user1078@example.com,Surat,Gujarat,2024-02-28
1079,Vikram Menon,user1079@example.com,Guwahati,Assam,2024-01-19
1080,Sneha Kulkarni,user1080@example.com,Lucknow,Uttar Pradesh,2023-09-09
1081,Sneha Reddy,user1081@example.com,Chennai,Tamil Nadu,2023-07-06
1082,Diya Nair,user1082@example.com,Mumbai,Maharashtra,2024-07-17
1083,Nikhil Rao,user1083@example.com,Bengaluru,Karnataka,2023-03-15
1084,Arjun Rao,user1084@example.com,Mumbai,Maharashtra,2023-07-17
1085,Ananya Nair,user1085@example.com,Guwahati,Assam,2023-06-20
1086,Kavya Pillai,user1086@example.com,Surat,Gujarat,2023-03-27
1087,Priya Nair,user1087@example.com,Kochi,Kerala,2024-06-17
1088,Diya Joshi,user1088@example.com,Chandigarh,Punjab,2023-09-19
1089,Divya Kulkarni,user1089@example.com,Kochi,Kerala,2024-10-17
1090,Aditya Menon,user1090@example.com,Patna,Bihar,2023-06-25
1091,Neha Singh,user1091@example.com,Chennai,Tamil Nadu,2023-09-17
1092,Arjun Singh,user1092@example.com,Delhi,Delhi,2023-06-29
1093,Manish Bose,user1093@example.com,Chandigarh,Punjab,2024-06-12
1094,Rohan Reddy,user1094@example.com,Kolkata,West Bengal,2023-04-11
1095,Arjun Kulkarni,user1095@example.com,Ahmedabad,Gujarat,2023-04-03
1096,Karthik Rao,user1096@example.com,Jaipur,Rajasthan,2024-11-24
1097,Rohan Rao,user1097@example.com,Mumbai,Maharashtra,2024-03-11
1098,Manish Reddy,user1098@example.com,Kochi,Kerala,2023-02-20
1099,Manish Singh,user1099@example.com,Hyderabad,Telangana,2024-04-25
1100,Ananya Menon,user1100@example.com,Patna,Bihar,2024-05-31
1101,Priya Gupta,user1101@example.com,Chandigarh,Punjab,2024-11-08
1102,Ananya Sharma,user1102@example.com,Surat,Gujarat,2024-06-04
1103,Sneha Gupta,user1103@example.com,Guwahati,Assam,2024-09-11
1104,Diya Kulkarni,user1104@example.com,Bhubaneswar,Odisha,2024-05-07
1105,Manish Kulkarni,user1105@example.com,Surat,Gujarat,2024-11-17
1106,Manish Singh,user1106@example.com,Bengaluru,Karnataka,2024-08-08
1107,Isha Bose,user1107@example.com,Guwahati,Assam,2024-10-28
1108,Rahul Sharma,user1108@example.com,Kolkata,West Bengal,2023-06-17
1109,Karthik Reddy,user1109@example.com,Jaipur,Rajasthan,2024-01-18
1110,Isha Joshi,user1110@example.com,Bhubaneswar,Odisha,2023-10-20
1111,Aditya Chopra,user1111@example.com,Pune,Maharashtra,2023-04-14
1112,Ananya Bose,user1112@example.com,Surat,Gujarat,2024-10-16
1113,Nikhil Gupta,user1113@example.com,Bhubaneswar,Odisha,2024-09-11
1114,Ananya Sharma,user1114@example.com,Hyderabad,Telangana,2023-03-08
1115,Aditya Reddy,user1115@example.com,Pune,Maharashtra,2023-04-06
1116,Priya Nair,user1116@example.com,Bhubaneswar,Odisha,2023-02-13
1117,Manish Nair,user1117@example.com,Bhubaneswar,Odisha,2024-10-05
1118,Sanjay Patel,user1118@example.com,Lucknow,Uttar Pradesh,2024-08-18
1119,Arjun Verma,user1119@example.com,Chandigarh,Punjab,2023-02-01
1120,Kavya Pillai,user1120@example.com,Delhi,Delhi,2023-12-23
1121,Arjun Verma,user1121@example.com,Ahmedabad,Gujarat,2023-06-26
1122,Rahul Rao,user1122@example.com,Patna,Bihar,2024-09-13
1123,Aditya Reddy,user1123@example.com,Hyderabad,Telangana,2024-10-20
1124,Pooja Kulkarni,user1124@example.com,Surat,Gujarat,2023-08-06
1125,Rahul Pillai,user1125@example.com,Guwahati,Assam,2023-06-01
1126,Diya Joshi,user1126@example.com,Guwahati,Assam,2023-09-04
1127,Aditya Singh,user1127@example.com,Hyderabad,Telangana,2024-02-07
1128,Isha Nair,user1128@example.com,Guwahati,Assam,2023-01-07
1129,Divya Nair,user1129@example.com,Kolkata,West Bengal,2023-05-11
1130,Sanjay Sharma,user1130@example.com,Guwahati,Assam,2023-01-18
1131,Isha Joshi,user1131@example.com,Hyderabad,Telangana,2023-07-25
1132,Sneha Gupta,user1132@example.com,Surat,Gujarat,2024-02-27
1133,Isha Gupta,user1133@example.com,Chandigarh,Punjab,2023-08-24
1134,Nikhil Bose,user1134@example.com,Hyderabad,Telangana,2023-09-08
1135,Priya Verma,user1135@example.com,Guwahati,Assam,2023-06-22
1136,Meera Patel,user1136@example.com,Guwahati,Assam,2024-04-25
1137,Vikram Pillai,user1137@example.com,Kochi,Kerala,2023-03-03
1138,Divya Nair,user1138@example.com,Mumbai,Maharashtra,2023-03-14
1139,Pooja Singh,user1139@example.com,Kolkata,West Bengal,2023-05-17
1140,Vikram Bose,user1140@example.com,Ahmedabad,Gujarat,2023-08-23
1141,Divya Singh,user1141@example.com,Ahmedabad,Gujarat,2023-06-05
1142,Kavya Kulkarni,user1142@example.com,Lucknow,Uttar Pradesh,2024-03-14
1143,Manish Reddy,user1143@example.com,Kolkata,West Bengal,2024-03-05
1144,Sneha Pillai,user1144@example.com,Surat,Gujarat,2024-10-14
1145,Rohan Das,user1145@example.com,Jaipur,Rajasthan,2024-11-10
1146,Rohan Patel,user1146@example.com,Patna,Bihar,2023-03-04
1147,Manish Reddy,user1147@example.com,Mumbai,Maharashtra,2024-01-04
1148,Aarav Chopra,user1148@example.com,Kochi,Kerala,2024-04-14
1149,Neha Reddy,user1149@example.com,Kochi,Kerala,2023-10-14
1150,Rahul Joshi,user1150@example.com,Bhubaneswar,Odisha,2023-03-23
1151,Nikhil Sharma,user1151@example.com,Chennai,Tamil Nadu,2024-09-11
1152,Rohan Rao,user1152@example.com,Bhubaneswar,Odisha,2024-04-22
1153,Rahul Kulkarni,user1153@example.com,Kochi,Kerala,2023-10-06
1154,Vikram Singh,user1154@example.com,Lucknow,Uttar Pradesh,2023-05-08
1155,Pooja Menon,user1155@example.com,Bengaluru,Karnataka,2024-03-15
1156,Nikhil Patel,user1156@example.com,Bhubaneswar,Odisha,2023-08-10
1157,Vikram Joshi,user1157@example.com,Jaipur,Rajasthan,2023-10-13
1158,Rahul Bose,user1158@example.com,Guwahati,Assam,2024-11-07
1159,Karthik Menon,user1159@example.com,Ahmedabad,Gujarat,2023-05-31
1160,Sneha Bose,user1160@example.com,Ahmedabad,Gujarat,2023-04-12
1161,Arjun Sharma,user1161@example.com,Jaipur,Rajasthan,2023-11-01
1162,Neha Chopra,user1162@example.com,Bengaluru,Karnataka,2023-05-15
1163,Karthik Iyer,user1163@example.com,Bhubaneswar,Odisha,2023-09-20
1164,Sanjay Sharma,user1164@example.com,Bhubaneswar,Odisha,2024-06-17
1165,Neha Joshi,user1165@example.com,Ahmedabad,Gujarat,2023-11-01
1166,Manish Bose,user1166@example.com,Kochi,Kerala,2024-10-03
1167,Rohan Menon,user1167@example.com,Hyderabad,Telangana,2023-09-10
1168,Aditya Pillai,user1168@example.com,Jaipur,Rajasthan,2023-02-21
1169,Meera Kulkarni,user1169@example.com,Patna,Bihar,2023-03-28
1170,Divya Kulkarni,user1170@example.com,Delhi,Delhi,2023-02-01
1171,Aditya Menon,user1171@example.com,Bengaluru,Karnataka,2024-02-19
1172,Sanjay Menon,user1172@example.com,Bhubaneswar,Odisha,2024-11-28
1173,Kavya Pillai,user1173@example.com,Patna,Bihar,2023-03-14
1174,Divya Nair,user1174@example.com,Delhi,Delhi,2023-05-13
1175,Vikram Pillai,user1175@example.com,Guwahati,Assam,2023-05-08
1176,Neha Rao,user1176@example.com,Patna,Bihar,2024-04-22
1177,Priya Kulkarni,user1177@example.com,Kolkata,West Bengal,2023-08-15
1178,Nikhil Pillai,user1178@example.com,Ahmedabad,Gujarat,2023-08-30
1179,Sanjay Nair,user1179@example.com,Lucknow,Uttar Pradesh,2024-04-17
1180,Divya Verma,user1180@example.com,Kochi,Kerala,2024-11-08
1181,Sanjay Das,user1181@example.com,Bhubaneswar,Odisha,2023-05-31
1182,Isha Das,user1182@example.com,Kolkata,West Bengal,2024-05-15
1183,Aditya Verma,user1183@example.com,Pune,Maharashtra,2024-08-01
1184,Nikhil Pillai,user1184@example.com,Jaipur,Rajasthan,2024-09-20
1185,Pooja Kulkarni,user1185@example.com,Kolkata,West Bengal,2023-04-17
1186,Isha Pillai,user1186@example.com,Delhi,Delhi,2024-07-21
1187,Manish Reddy,user1187@example.com,Mumbai,Maharashtra,2024-02-01
1188,Divya Sharma,user1188@example.com,Chandigarh,Punjab,2023-08-26
1189,Sanjay Kulkarni,user1189@example.com,Guwahati,Assam,2023-10-05
1190,Aarav Das,user1190@example.com,Bhubaneswar,Odisha,2024-08-05
1191,Nikhil Das,user1191@example.com,Guwahati,Assam,2024-07-06
1192,Nikhil Singh,user1192@example.com,Chennai,Tamil Nadu,2023-11-07
1193,Karthik Verma,user1193@example.com,Delhi,Delhi,2024-04-23
1194,Rohan Rao,user1194@example.com,Surat,Gujarat,2023-03-28
1195,Manish Menon,user1195@example.com,Bhubaneswar,Odisha,2023-10-29
1196,Isha Joshi,user1196@example.com,Ahmedabad,Gujarat,2024-03-01
1197,Sanjay Reddy,user1197@example.com,Kolkata,West Bengal,2023-09-18
1198,Pooja Reddy,user1198@example.com,Kolkata,West Bengal,2023-07-18
1199,Meera Das,user1199@example.com,Kochi,Kerala,2023-01-02
1200,Karthik Rao,user1200@example.com,Bengaluru,Karnataka,2023-03-26
